STRICT False ['Wrong exported symbol address: _func_0c09f2d4', 'Wrong exported symbol address: _func_0c09f378', 'Wrong exported symbol address: _func_0c09f3dc', 'Wrong exported symbol address: _func_0c09f42c', 'Wrong exported symbol address: _func_0c09f46c', 'Wrong exported symbol address: _func_0c09f482', 'Wrong exported symbol address: _func_0c09f504', 'Wrong exported symbol address: _func_0c09f526', 'Wrong exported symbol address: _func_0c09f572', 'Wrong exported symbol address: _func_0c09f5c0', 'Wrong exported symbol address: _func_0c09f5f8', 'Wrong exported symbol address: _func_0c09f632', 'Wrong exported symbol address: _func_0c09f686', 'Wrong exported symbol address: _func_0c09f698', 'Wrong exported symbol address: _func_0c09f718', 'Wrong exported symbol address: _func_0c09f7f2', 'Wrong exported symbol address: _func_0c09f848', 'Wrong exported symbol address: _func_0c09f890', 'Wrong exported symbol address: _func_0c09f8a2', 'Wrong exported symbol address: _func_0c09f8ea', 'Wrong exported symbol address: _func_0c09f9ec', 'Wrong exported symbol address: _func_0c09fa80', 'Wrong exported symbol address: _func_0c09fae4', 'Wrong exported symbol address: _func_0c09fb1c', 'Wrong exported symbol address: _func_0c09fb58', 'Wrong exported symbol address: _func_0c09fb7a', 'Wrong exported symbol address: _func_0c09fbb4', 'Wrong exported symbol address: _func_0c09fc0c', 'Wrong exported symbol address: _func_0c09fc8c', 'Wrong exported symbol address: _func_0c09fcc8', 'Wrong exported symbol address: _func_0c09fcea', 'Wrong exported symbol address: _func_0c09fcfc', 'Not an exact section match: P', 'Linked image contains extra or missing initialized bytes', 'Linked image contains extra or missing memory bytes']
[(3112, 0)]
[('_func_0c09f0ec', 130, 134), ('_func_0c09f172', 139, 142), ('_func_0c09f210', 37, 156), ('_func_0c09f2d4', 7, 136), ('_func_0c09f378', 5, 88), ('_func_0c09f3dc', 3, 80), ('_func_0c09f42c', 9, 64), ('_func_0c09f46c', 0, 22), ('_func_0c09f482', 3, 100), ('_func_0c09f504', 3, 34), ('_func_0c09f526', 2, 76), ('_func_0c09f572', 3, 78), ('_func_0c09f5c0', 0, 18), ('_func_0c09f5f8', 0, 58), ('_func_0c09f632', 1, 84), ('_func_0c09f686', 0, 18), ('_func_0c09f698', 3, 82), ('_func_0c09f718', 4, 218), ('_func_0c09f7f2', 1, 86), ('_func_0c09f848', 1, 34), ('_func_0c09f890', 0, 18), ('_func_0c09f8a2', 4, 72), ('_func_0c09f8ea', 4, 212), ('_func_0c09f9ec', 5, 148), ('_func_0c09fa80', 2, 100), ('_func_0c09fae4', 1, 18), ('_func_0c09fb1c', 0, 60), ('_func_0c09fb58', 0, 34), ('_func_0c09fb7a', 1, 58), ('_func_0c09fbb4', 0, 56), ('_func_0c09fc0c', 1, 128), ('_func_0c09fc8c', 0, 60), ('_func_0c09fcc8', 1, 34), ('_func_0c09fcea', 2, 18), ('_func_0c09fcfc', 0, 48)]
0c09f14c a146 bra 0x000000000c09f3dc              | a12a bra 0x000000000c09f3a4
0c09f154 a110 bra 0x000000000c09f378              | a100 bra 0x000000000c09f358
0c09f166 a0b5 bra 0x000000000c09f2d4              | a0b3 bra 0x000000000c09f2d0
0c09f16e a15d bra 0x000000000c09f42c              | a141 bra 0x000000000c09f3f4
0c09f1da a0ff bra 0x000000000c09f3dc              | a0e3 bra 0x000000000c09f3a4
0c09f1e2 a0c9 bra 0x000000000c09f378              | a0b9 bra 0x000000000c09f358
0c09f1f4 a06e bra 0x000000000c09f2d4              | a06c bra 0x000000000c09f2d0
0c09f220 894f bt 0x000000000c09f2c2               | 894c bt 0x000000000c09f2bc
0c09f230 007e mov.l @(r0,r7),r0                   | 001c mov.b @(r0,r1),r0
0c09f232 007e mov.l @(r0,r7),r0                   | 001c mov.b @(r0,r1),r0
0c09f234 006a sts fpscr,r0                        | 0032 stc ssr,r0
0c09f236 001c mov.b @(r0,r1),r0                   | 005c mov.b @(r0,r5),r0
0c09f238 0020 error                               | 005c mov.b @(r0,r5),r0
0c09f23a 0024 mov.b r2,@(r0,r0)                   | 005c mov.b @(r0,r5),r0
0c09f23c 0028 clrmac                              | 005c mov.b @(r0,r5),r0
0c09f23e 002c mov.b @(r0,r2),r0                   | 0064 mov.b r6,@(r0,r0)
0c09f240 0046 mov.l r4,@(r0,r0)                   | 007e mov.l @(r0,r7),r0
0c09f242 004e mov.l @(r0,r4),r0                   | 005c mov.b @(r0,r5),r0
0c09f244 0052 stc r5_bank,r0                      | 005c mov.b @(r0,r5),r0
0c09f246 005a sts fpul,r0                         | 005c mov.b @(r0,r5),r0
0c09f248 0062 stc r6_bank,r0                      | 0086 mov.l r8,@(r0,r0)
0c09f24a a01d bra 0x000000000c09f288              | d31f mov.l 0x000000000c09f2c8,r3
0c09f24c 0009 nop                                 | 430b jsr @r3
0c09f24e a017 bra 0x000000000c09f280              | 64e3 mov r14,r4
0c09f250 0009 nop                                 | 600e exts.b r0,r0
0c09f252 a019 bra 0x000000000c09f288              | 4011 cmp/pz r0
0c09f254 0009 nop                                 | 8932 bt 0x000000000c09f2bc
0c09f256 a013 bra 0x000000000c09f280              | 4f26 lds.l @r15+,pr
0c09f258 0009 nop                                 | d31c mov.l 0x000000000c09f2cc,r3
0c09f25a e05c mov #92,r0                          | 64e3 mov r14,r4
0c09f25c f48d fldi0 fr4                           | 432b jmp @r3
0c09f25e fe47 fmov fr4,@(r0,r14)                  | 6ef6 mov.l @r15+,r14
0c09f260 e060 mov #96,r0                          | 902f mov.w 0x000000000c09f2c2,r0
0c09f262 fe47 fmov fr4,@(r0,r14)                  | 922f mov.w 0x000000000c09f2c4,r2
0c09f264 e068 mov #104,r0                         | 03ed mov.w @(r0,r14),r3
0c09f266 fe47 fmov fr4,@(r0,r14)                  | 633d extu.w r3,r3
0c09f268 e06c mov #108,r0                         | 2328 tst r2,r3
0c09f26a 64e3 mov r14,r4                          | 8903 bt 0x000000000c09f274
0c09f26c fe47 fmov fr4,@(r0,r14)                  | 4f26 lds.l @r15+,pr
0c09f26e 4f26 lds.l @r15+,pr                      | 64e3 mov r14,r4
0c09f270 a438 bra 0x000000000c09fae4              | a183 bra 0x000000000c09f57a
0c09f274 4f26 lds.l @r15+,pr                      | d314 mov.l 0x000000000c09f2c8,r3
0c09f276 64e3 mov r14,r4                          | 430b jsr @r3
0c09f278 a47f bra 0x000000000c09fb7a              | 64e3 mov r14,r4
0c09f27a 6ef6 mov.l @r15+,r14                     | 600e exts.b r0,r0
0c09f27c a004 bra 0x000000000c09f288              | 4011 cmp/pz r0
0c09f27e 0009 nop                                 | 891d bt 0x000000000c09f2bc
0c09f282 64e3 mov r14,r4                          | d312 mov.l 0x000000000c09f2cc,r3
0c09f284 a3fc bra 0x000000000c09fa80              | 64e3 mov r14,r4
0c09f286 6ef6 mov.l @r15+,r14                     | 432b jmp @r3
0c09f288 4f26 lds.l @r15+,pr                      | 6ef6 mov.l @r15+,r14
0c09f28a 64e3 mov r14,r4                          | 4f26 lds.l @r15+,pr
0c09f28c a3f8 bra 0x000000000c09fa80              | 64e3 mov r14,r4
0c09f28e 6ef6 mov.l @r15+,r14                     | a3d6 bra 0x000000000c09fa3e
0c09f290 4f26 lds.l @r15+,pr                      | 6ef6 mov.l @r15+,r14
0c09f292 64e3 mov r14,r4                          | e05c mov #92,r0
0c09f294 a529 bra 0x000000000c09fcea              | f48d fldi0 fr4
0c09f296 6ef6 mov.l @r15+,r14                     | fe47 fmov fr4,@(r0,r14)
0c09f298 9016 mov.w 0x000000000c09f2c8,r0         | e060 mov #96,r0
0c09f29a 9216 mov.w 0x000000000c09f2ca,r2         | fe47 fmov fr4,@(r0,r14)
0c09f29c 03ed mov.w @(r0,r14),r3                  | e068 mov #104,r0
0c09f29e 633d extu.w r3,r3                        | fe47 fmov fr4,@(r0,r14)
0c09f2a0 2328 tst r2,r3                           | e06c mov #108,r0
0c09f2a2 8903 bt 0x000000000c09f2ac               | 64e3 mov r14,r4
0c09f2a4 4f26 lds.l @r15+,pr                      | fe47 fmov fr4,@(r0,r14)
0c09f2a6 64e3 mov r14,r4                          | 4f26 lds.l @r15+,pr
0c09f2a8 a18a bra 0x000000000c09f5c0              | a3f9 bra 0x000000000c09fa9e
0c09f2ac d207 mov.l 0x000000000c09f2cc,r2         | 4f26 lds.l @r15+,pr
0c09f2ae 420b jsr @r2                             | 64e3 mov r14,r4
0c09f2b0 64e3 mov r14,r4                          | a440 bra 0x000000000c09fb34
0c09f2b2 600e exts.b r0,r0                        | 6ef6 mov.l @r15+,r14
0c09f2b4 4011 cmp/pz r0                           | 4f26 lds.l @r15+,pr
0c09f2b6 8904 bt 0x000000000c09f2c2               | 64e3 mov r14,r4
0c09f2b8 4f26 lds.l @r15+,pr                      | a4ff bra 0x000000000c09fcba
0c09f2ba d205 mov.l 0x000000000c09f2d0,r2         | 6ef6 mov.l @r15+,r14
0c09f2bc 64e3 mov r14,r4                          | 4f26 lds.l @r15+,pr
0c09f2be 422b jmp @r2                             | 000b rts
0c09f2c2 4f26 lds.l @r15+,pr                      | 01fa stc dbr,r1
0c09f2c4 000b rts                                 | 0800 error
0c09f2c6 6ef6 mov.l @r15+,r14                     | 0000 error
0c09f2c8 01fa stc dbr,r1                          | a026 bra 0x000000000c09f318
0c09f2ca 0800 error                               | 0c02 stc sr,r12
0c09f2cc a026 bra 0x000000000c09f31c              | 37b8 sub r11,r7
0c09f2ce 0c02 stc sr,r12                          | 0c04 mov.b r0,@(r0,r12)
0c09f2d0 37b8 sub r11,r7                          | 900d mov.w 0x000000000c09f2ee,r0
0c09f2d2 0c04 mov.b r0,@(r0,r12)                  | 2fe6 mov.l r14,@-r15
0c09f2d4 900d mov.w 0x000000000c09f2f2,r0         | 6e43 mov r4,r14
0c09f2d6 2fe6 mov.l r14,@-r15                     | 4f22 sts.l pr,@-r15
0c09f2d8 6e43 mov r4,r14                          | 00ec mov.b @(r0,r14),r0
0c09f2da 4f22 sts.l pr,@-r15                      | 600c extu.b r0,r0
0c09f2dc 00ec mov.b @(r0,r14),r0                  | e10d mov #13,r1
0c09f2de 600c extu.b r0,r0                        | 3012 cmp/hs r1,r0
0c09f2e0 e10d mov #13,r1                          | 8937 bt 0x000000000c09f352
0c09f2e2 3012 cmp/hs r1,r0                        | 4000 shll r0
0c09f2e4 8945 bt 0x000000000c09f372               | 6103 mov r0,r1
0c09f2e6 4000 shll r0                             | c702 mova 0x000000000c09f2f0,r0
0c09f2e8 6103 mov r0,r1                           | 001d mov.w @(r0,r1),r0
0c09f2ea c702 mova 0x000000000c09f2f4,r0          | 0023 braf r0
0c09f2ec 001d mov.w @(r0,r1),r0                   | 0009 nop
0c09f2ee 0023 braf r0                             | 01e8 error
0c09f2f0 0009 nop                                 | 001c mov.b @(r0,r1),r0
0c09f2f2 01e8 error                               | 001c mov.b @(r0,r1),r0
0c09f2f4 006a sts fpscr,r0                        | 001c mov.b @(r0,r1),r0
0c09f2f6 006a sts fpscr,r0                        | 0032 stc ssr,r0
0c09f2f8 006a sts fpscr,r0                        | 0032 stc ssr,r0
0c09f2fa 001c mov.b @(r0,r1),r0                   | 0032 stc ssr,r0
0c09f2fc 0020 error                               | 0032 stc ssr,r0
0c09f2fe 0024 mov.b r2,@(r0,r0)                   | 003a stc sgr,r0
0c09f300 0028 clrmac                              | 0054 mov.b r5,@(r0,r0)
0c09f302 002c mov.b @(r0,r2),r0                   | 0032 stc ssr,r0
0c09f304 0046 mov.l r4,@(r0,r0)                   | 0032 stc ssr,r0
0c09f306 004e mov.l @(r0,r4),r0                   | 0032 stc ssr,r0
0c09f308 0052 stc r5_bank,r0                      | 005c mov.b @(r0,r5),r0
0c09f30a 005a sts fpul,r0                         | d338 mov.l 0x000000000c09f3ec,r3
0c09f30c 0062 stc r6_bank,r0                      | 430b jsr @r3
0c09f30e a01d bra 0x000000000c09f34c              | 64e3 mov r14,r4
0c09f310 0009 nop                                 | 600e exts.b r0,r0
0c09f312 a017 bra 0x000000000c09f344              | 4011 cmp/pz r0
0c09f314 0009 nop                                 | 891d bt 0x000000000c09f352
0c09f316 a019 bra 0x000000000c09f34c              | 4f26 lds.l @r15+,pr
0c09f318 0009 nop                                 | d335 mov.l 0x000000000c09f3f0,r3
0c09f31a a013 bra 0x000000000c09f344              | 64e3 mov r14,r4
0c09f31c 0009 nop                                 | 432b jmp @r3
0c09f31e e05c mov #92,r0                          | 6ef6 mov.l @r15+,r14
0c09f320 f48d fldi0 fr4                           | 4f26 lds.l @r15+,pr
0c09f322 fe47 fmov fr4,@(r0,r14)                  | 64e3 mov r14,r4
0c09f324 e060 mov #96,r0                          | a38b bra 0x000000000c09fa3e
0c09f326 fe47 fmov fr4,@(r0,r14)                  | 6ef6 mov.l @r15+,r14
0c09f328 e068 mov #104,r0                         | e05c mov #92,r0
0c09f32a fe47 fmov fr4,@(r0,r14)                  | f48d fldi0 fr4
0c09f32c e06c mov #108,r0                         | fe47 fmov fr4,@(r0,r14)
0c09f32e 64e3 mov r14,r4                          | e060 mov #96,r0
0c09f332 4f26 lds.l @r15+,pr                      | e068 mov #104,r0
0c09f334 a3d6 bra 0x000000000c09fae4              | fe47 fmov fr4,@(r0,r14)
0c09f336 6ef6 mov.l @r15+,r14                     | e06c mov #108,r0
0c09f338 4f26 lds.l @r15+,pr                      | 64e3 mov r14,r4
0c09f33a 64e3 mov r14,r4                          | fe47 fmov fr4,@(r0,r14)
0c09f33c a41d bra 0x000000000c09fb7a              | 4f26 lds.l @r15+,pr
0c09f33e 6ef6 mov.l @r15+,r14                     | a3ae bra 0x000000000c09fa9e
0c09f340 a004 bra 0x000000000c09f34c              | 6ef6 mov.l @r15+,r14
0c09f342 0009 nop                                 | 4f26 lds.l @r15+,pr
0c09f344 4f26 lds.l @r15+,pr                      | 64e3 mov r14,r4
0c09f346 64e3 mov r14,r4                          | a3f5 bra 0x000000000c09fb34
0c09f348 a39a bra 0x000000000c09fa80              | 6ef6 mov.l @r15+,r14
0c09f34a 6ef6 mov.l @r15+,r14                     | 4f26 lds.l @r15+,pr
0c09f34c 4f26 lds.l @r15+,pr                      | 64e3 mov r14,r4
0c09f34e 64e3 mov r14,r4                          | a4b4 bra 0x000000000c09fcba
0c09f350 a396 bra 0x000000000c09fa80              | 6ef6 mov.l @r15+,r14
0c09f352 6ef6 mov.l @r15+,r14                     | 4f26 lds.l @r15+,pr
0c09f354 4f26 lds.l @r15+,pr                      | 000b rts
0c09f356 64e3 mov r14,r4                          | 6ef6 mov.l @r15+,r14
0c09f358 a4c7 bra 0x000000000c09fcea              | 9046 mov.w 0x000000000c09f3e8,r0
0c09f35a 6ef6 mov.l @r15+,r14                     | 2fe6 mov.l r14,@-r15
0c09f35c d31d mov.l 0x000000000c09f3d4,r3         | 6e43 mov r4,r14
0c09f35e 430b jsr @r3                             | 4f22 sts.l pr,@-r15
0c09f360 64e3 mov r14,r4                          | 00ec mov.b @(r0,r14),r0
0c09f362 600e exts.b r0,r0                        | 600c extu.b r0,r0
0c09f364 4011 cmp/pz r0                           | 8800 cmp/eq #0,r0
0c09f366 8904 bt 0x000000000c09f372               | 890f bt 0x000000000c09f388
0c09f368 4f26 lds.l @r15+,pr                      | 8801 cmp/eq #1,r0
0c09f36a d31b mov.l 0x000000000c09f3d8,r3         | 890d bt 0x000000000c09f388
0c09f36c 64e3 mov r14,r4                          | 8802 cmp/eq #2,r0
0c09f36e 432b jmp @r3                             | 8907 bt 0x000000000c09f380
0c09f370 6ef6 mov.l @r15+,r14                     | 8803 cmp/eq #3,r0
0c09f372 4f26 lds.l @r15+,pr                      | 8901 bt 0x000000000c09f378
0c09f374 000b rts                                 | 8804 cmp/eq #4,r0
0c09f376 6ef6 mov.l @r15+,r14                     | 8b12 bf 0x000000000c09f39e
0c09f378 902a mov.w 0x000000000c09f3d0,r0         | 4f26 lds.l @r15+,pr
0c09f37a 2fe6 mov.l r14,@-r15                     | 64e3 mov r14,r4
0c09f37c 6e43 mov r4,r14                          | a35f bra 0x000000000c09fa3e
0c09f37e 4f22 sts.l pr,@-r15                      | 6ef6 mov.l @r15+,r14
0c09f380 00ec mov.b @(r0,r14),r0                  | 4f26 lds.l @r15+,pr
0c09f382 600c extu.b r0,r0                        | 64e3 mov r14,r4
0c09f384 8803 cmp/eq #3,r0                        | a0d2 bra 0x000000000c09f52c
0c09f386 8909 bt 0x000000000c09f39c               | 6ef6 mov.l @r15+,r14
0c09f388 8804 cmp/eq #4,r0                        | d318 mov.l 0x000000000c09f3ec,r3
0c09f38a 890b bt 0x000000000c09f3a4               | 430b jsr @r3
0c09f38c 8802 cmp/eq #2,r0                        | 64e3 mov r14,r4
0c09f38e 890d bt 0x000000000c09f3ac               | 600e exts.b r0,r0
0c09f390 8800 cmp/eq #0,r0                        | 4011 cmp/pz r0
0c09f392 890f bt 0x000000000c09f3b4               | 8904 bt 0x000000000c09f39e
0c09f394 8801 cmp/eq #1,r0                        | 4f26 lds.l @r15+,pr
0c09f396 890d bt 0x000000000c09f3b4               | d316 mov.l 0x000000000c09f3f0,r3
0c09f398 a017 bra 0x000000000c09f3ca              | 64e3 mov r14,r4
0c09f39a 0009 nop                                 | 432b jmp @r3
0c09f39c 4f26 lds.l @r15+,pr                      | 6ef6 mov.l @r15+,r14
0c09f39e 64e3 mov r14,r4                          | 4f26 lds.l @r15+,pr
0c09f3a0 a36e bra 0x000000000c09fa80              | 000b rts
0c09f3a4 4f26 lds.l @r15+,pr                      | 9020 mov.w 0x000000000c09f3e8,r0
0c09f3a6 64e3 mov r14,r4                          | 2fe6 mov.l r14,@-r15
0c09f3a8 a36a bra 0x000000000c09fa80              | 6e43 mov r4,r14
0c09f3aa 6ef6 mov.l @r15+,r14                     | 4f22 sts.l pr,@-r15
0c09f3ac 4f26 lds.l @r15+,pr                      | 00ec mov.b @(r0,r14),r0
0c09f3ae 64e3 mov r14,r4                          | 600c extu.b r0,r0
0c09f3b0 a0df bra 0x000000000c09f572              | 8800 cmp/eq #0,r0
0c09f3b2 6ef6 mov.l @r15+,r14                     | 890b bt 0x000000000c09f3cc
0c09f3b4 d207 mov.l 0x000000000c09f3d4,r2         | 8801 cmp/eq #1,r0
0c09f3b6 420b jsr @r2                             | 8909 bt 0x000000000c09f3cc
0c09f3b8 64e3 mov r14,r4                          | 8802 cmp/eq #2,r0
0c09f3ba 600e exts.b r0,r0                        | 8907 bt 0x000000000c09f3cc
0c09f3bc 4011 cmp/pz r0                           | 8803 cmp/eq #3,r0
0c09f3be 8904 bt 0x000000000c09f3ca               | 8901 bt 0x000000000c09f3c4
0c09f3c0 4f26 lds.l @r15+,pr                      | 8804 cmp/eq #4,r0
0c09f3c2 d205 mov.l 0x000000000c09f3d8,r2         | 8b0e bf 0x000000000c09f3e2
0c09f3c4 64e3 mov r14,r4                          | 4f26 lds.l @r15+,pr
0c09f3c6 422b jmp @r2                             | 64e3 mov r14,r4
0c09f3c8 6ef6 mov.l @r15+,r14                     | a339 bra 0x000000000c09fa3e
0c09f3ca 4f26 lds.l @r15+,pr                      | 6ef6 mov.l @r15+,r14
0c09f3cc 000b rts                                 | d307 mov.l 0x000000000c09f3ec,r3
0c09f3ce 6ef6 mov.l @r15+,r14                     | 430b jsr @r3
0c09f3d0 01e8 error                               | 64e3 mov r14,r4
0c09f3d2 0000 error                               | 600e exts.b r0,r0
0c09f3d4 a026 bra 0x000000000c09f424              | 4011 cmp/pz r0
0c09f3d6 0c02 stc sr,r12                          | 8904 bt 0x000000000c09f3e2
0c09f3d8 37b8 sub r11,r7                          | 4f26 lds.l @r15+,pr
0c09f3da 0c04 mov.b r0,@(r0,r12)                  | d305 mov.l 0x000000000c09f3f0,r3
0c09f3dc 906b mov.w 0x000000000c09f4b6,r0         | 64e3 mov r14,r4
0c09f3de 2fe6 mov.l r14,@-r15                     | 432b jmp @r3
0c09f3e0 6e43 mov r4,r14                          | 6ef6 mov.l @r15+,r14
0c09f3e2 4f22 sts.l pr,@-r15                      | 4f26 lds.l @r15+,pr
0c09f3e4 00ec mov.b @(r0,r14),r0                  | 000b rts
0c09f3e6 600c extu.b r0,r0                        | 6ef6 mov.l @r15+,r14
0c09f3e8 8803 cmp/eq #3,r0                        | 01e8 error
0c09f3ea 8909 bt 0x000000000c09f400               | 0000 error
0c09f3ec 8804 cmp/eq #4,r0                        | a026 bra 0x000000000c09f43c
0c09f3ee 890b bt 0x000000000c09f408               | 0c02 stc sr,r12
0c09f3f0 8800 cmp/eq #0,r0                        | 37b8 sub r11,r7
0c09f3f2 890d bt 0x000000000c09f410               | 0c04 mov.b r0,@(r0,r12)
0c09f3f4 8801 cmp/eq #1,r0                        | 9076 mov.w 0x000000000c09f4e4,r0
0c09f3f6 890b bt 0x000000000c09f410               | 2fe6 mov.l r14,@-r15
0c09f3f8 8802 cmp/eq #2,r0                        | 6e43 mov r4,r14
0c09f3fa 8909 bt 0x000000000c09f410               | 4f22 sts.l pr,@-r15
0c09f3fc a013 bra 0x000000000c09f426              | 00ec mov.b @(r0,r14),r0
0c09f3fe 0009 nop                                 | 600c extu.b r0,r0
0c09f400 4f26 lds.l @r15+,pr                      | 8800 cmp/eq #0,r0
0c09f402 64e3 mov r14,r4                          | 8907 bt 0x000000000c09f414
0c09f404 a33c bra 0x000000000c09fa80              | 8801 cmp/eq #1,r0
0c09f406 6ef6 mov.l @r15+,r14                     | 8905 bt 0x000000000c09f414
0c09f408 4f26 lds.l @r15+,pr                      | 8802 cmp/eq #2,r0
0c09f40a 64e3 mov r14,r4                          | 8b0e bf 0x000000000c09f42a
0c09f40c a338 bra 0x000000000c09fa80              | 4f26 lds.l @r15+,pr
0c09f40e 6ef6 mov.l @r15+,r14                     | 64e3 mov r14,r4
0c09f410 d32a mov.l 0x000000000c09f4bc,r3         | a20e bra 0x000000000c09f830
0c09f412 430b jsr @r3                             | 6ef6 mov.l @r15+,r14
0c09f414 64e3 mov r14,r4                          | d335 mov.l 0x000000000c09f4ec,r3
0c09f416 600e exts.b r0,r0                        | 430b jsr @r3
0c09f418 4011 cmp/pz r0                           | 64e3 mov r14,r4
0c09f41a 8904 bt 0x000000000c09f426               | 600e exts.b r0,r0
0c09f41c 4f26 lds.l @r15+,pr                      | 4011 cmp/pz r0
0c09f41e d328 mov.l 0x000000000c09f4c0,r3         | 8904 bt 0x000000000c09f42a
0c09f420 64e3 mov r14,r4                          | 4f26 lds.l @r15+,pr
0c09f422 432b jmp @r3                             | d333 mov.l 0x000000000c09f4f0,r3
0c09f424 6ef6 mov.l @r15+,r14                     | 64e3 mov r14,r4
0c09f426 4f26 lds.l @r15+,pr                      | 432b jmp @r3
0c09f428 000b rts                                 | 6ef6 mov.l @r15+,r14
0c09f42a 6ef6 mov.l @r15+,r14                     | 4f26 lds.l @r15+,pr
0c09f42c 9043 mov.w 0x000000000c09f4b6,r0         | 000b rts
0c09f42e 2fe6 mov.l r14,@-r15                     | 6ef6 mov.l @r15+,r14
0c09f430 6e43 mov r4,r14                          | 2fe6 mov.l r14,@-r15
0c09f434 00ec mov.b @(r0,r14),r0                  | d32f mov.l 0x000000000c09f4f4,r3
0c09f436 600c extu.b r0,r0                        | 430b jsr @r3
0c09f438 8802 cmp/eq #2,r0                        | 6e43 mov r4,r14
0c09f43a 8905 bt 0x000000000c09f448               | d22f mov.l 0x000000000c09f4f8,r2
0c09f43c 8800 cmp/eq #0,r0                        | 420b jsr @r2
0c09f43e 8907 bt 0x000000000c09f450               | 64e3 mov r14,r4
0c09f440 8801 cmp/eq #1,r0                        | 4f26 lds.l @r15+,pr
0c09f442 8905 bt 0x000000000c09f450               | 64e3 mov r14,r4
0c09f444 a00f bra 0x000000000c09f466              | 6ef6 mov.l @r15+,r14
0c09f446 0009 nop                                 | 2fe6 mov.l r14,@-r15
0c09f448 4f26 lds.l @r15+,pr                      | 4f22 sts.l pr,@-r15
0c09f44a 64e3 mov r14,r4                          | d32c mov.l 0x000000000c09f4fc,r3
0c09f44c a220 bra 0x000000000c09f890              | 430b jsr @r3
0c09f44e 6ef6 mov.l @r15+,r14                     | 6e43 mov r4,r14
0c09f450 d21a mov.l 0x000000000c09f4bc,r2         | d22b mov.l 0x000000000c09f500,r2
0c09f456 600e exts.b r0,r0                        | 9046 mov.w 0x000000000c09f4e6,r0
0c09f458 4011 cmp/pz r0                           | 00ec mov.b @(r0,r14),r0
0c09f45a 8904 bt 0x000000000c09f466               | 600c extu.b r0,r0
0c09f45c 4f26 lds.l @r15+,pr                      | 8801 cmp/eq #1,r0
0c09f45e d218 mov.l 0x000000000c09f4c0,r2         | 8b0e bf 0x000000000c09f47e
0c09f460 64e3 mov r14,r4                          | b02e bsr 0x000000000c09f4c0
0c09f462 422b jmp @r2                             | 64e3 mov r14,r4
0c09f464 6ef6 mov.l @r15+,r14                     | 903e mov.w 0x000000000c09f4e4,r0
0c09f466 4f26 lds.l @r15+,pr                      | 00ec mov.b @(r0,r14),r0
0c09f468 000b rts                                 | 600c extu.b r0,r0
0c09f46a 6ef6 mov.l @r15+,r14                     | 8802 cmp/eq #2,r0
0c09f46c 2fe6 mov.l r14,@-r15                     | 8b09 bf 0x000000000c09f482
0c09f46e 4f22 sts.l pr,@-r15                      | 903b mov.w 0x000000000c09f4e8,r0
0c09f470 d314 mov.l 0x000000000c09f4c4,r3         | 933b mov.w 0x000000000c09f4ea,r3
0c09f472 430b jsr @r3                             | 02ed mov.w @(r0,r14),r2
0c09f474 6e43 mov r4,r14                          | 622d extu.w r2,r2
0c09f476 d214 mov.l 0x000000000c09f4c8,r2         | 2238 tst r3,r2
0c09f478 420b jsr @r2                             | 8b0e bf 0x000000000c09f498
0c09f47a 64e3 mov r14,r4                          | a002 bra 0x000000000c09f482
0c09f47c 4f26 lds.l @r15+,pr                      | 0009 nop
0c09f47e 64e3 mov r14,r4                          | b00e bsr 0x000000000c09f49e
0c09f480 6ef6 mov.l @r15+,r14                     | 64e3 mov r14,r4
0c09f482 2fe6 mov.l r14,@-r15                     | d220 mov.l 0x000000000c09f504,r2
0c09f484 4f22 sts.l pr,@-r15                      | 420b jsr @r2
0c09f486 d311 mov.l 0x000000000c09f4cc,r3         | 64e3 mov r14,r4
0c09f488 430b jsr @r3                             | 600c extu.b r0,r0
0c09f48a 6e43 mov r4,r14                          | 2008 tst r0,r0
0c09f48c d210 mov.l 0x000000000c09f4d0,r2         | 8904 bt 0x000000000c09f498
0c09f48e 420b jsr @r2                             | 4f26 lds.l @r15+,pr
0c09f490 64e3 mov r14,r4                          | d21d mov.l 0x000000000c09f508,r2
0c09f492 9011 mov.w 0x000000000c09f4b8,r0         | 64e3 mov r14,r4
0c09f494 00ec mov.b @(r0,r14),r0                  | 422b jmp @r2
0c09f496 600c extu.b r0,r0                        | 6ef6 mov.l @r15+,r14
0c09f498 8801 cmp/eq #1,r0                        | 4f26 lds.l @r15+,pr
0c09f49a 8b23 bf 0x000000000c09f4e4               | 000b rts
0c09f49c b043 bsr 0x000000000c09f526              | 6ef6 mov.l @r15+,r14
0c09f49e 64e3 mov r14,r4                          | 4f22 sts.l pr,@-r15
0c09f4a0 9009 mov.w 0x000000000c09f4b6,r0         | 7ffc add #-4,r15
0c09f4a2 00ec mov.b @(r0,r14),r0                  | d312 mov.l 0x000000000c09f4ec,r3
0c09f4a4 600c extu.b r0,r0                        | 430b jsr @r3
0c09f4a6 8802 cmp/eq #2,r0                        | 2f42 mov.l r4,@r15
0c09f4a8 8914 bt 0x000000000c09f4d4               | 600e exts.b r0,r0
0c09f4aa 8800 cmp/eq #0,r0                        | 4011 cmp/pz r0
0c09f4ac 891c bt 0x000000000c09f4e8               | 8904 bt 0x000000000c09f4b8
0c09f4ae 8801 cmp/eq #1,r0                        | 64f2 mov.l @r15,r4
0c09f4b0 891a bt 0x000000000c09f4e8               | 7f04 add #4,r15
0c09f4b2 a019 bra 0x000000000c09f4e8              | d316 mov.l 0x000000000c09f50c,r3
0c09f4b4 0009 nop                                 | 432b jmp @r3
0c09f4b6 01e8 error                               | 4f26 lds.l @r15+,pr
0c09f4b8 01fe mov.l @(r0,r15),r1                  | 7f04 add #4,r15
0c09f4ba 0000 error                               | 4f26 lds.l @r15+,pr
0c09f4bc a026 bra 0x000000000c09f50c              | 000b rts
0c09f4be 0c02 stc sr,r12                          | 0009 nop
0c09f4c0 37b8 sub r11,r7                          | 9010 mov.w 0x000000000c09f4e4,r0
0c09f4c2 0c04 mov.b r0,@(r0,r12)                  | 2fe6 mov.l r14,@-r15
0c09f4c4 21f4 mov.b r15,@-r1                      | 6e43 mov r4,r14
0c09f4c6 0c04 mov.b r0,@(r0,r12)                  | 4f22 sts.l pr,@-r15
0c09f4c8 20f8 tst r15,r0                          | 00ec mov.b @(r0,r14),r0
0c09f4ca 0c04 mov.b r0,@(r0,r12)                  | 600c extu.b r0,r0
0c09f4cc 2018 tst r1,r0                           | 8802 cmp/eq #2,r0
0c09f4ce 0c04 mov.b r0,@(r0,r12)                  | 8b1f bf 0x000000000c09f510
0c09f4d0 21b8 tst r11,r1                          | 900a mov.w 0x000000000c09f4e8,r0
0c09f4d2 0c04 mov.b r0,@(r0,r12)                  | 930a mov.w 0x000000000c09f4ea,r3
0c09f4d4 907d mov.w 0x000000000c09f5d2,r0         | 02ed mov.w @(r0,r14),r2
0c09f4d6 927d mov.w 0x000000000c09f5d4,r2         | 622d extu.w r2,r2
0c09f4d8 03ed mov.w @(r0,r14),r3                  | 2238 tst r3,r2
0c09f4da 633d extu.w r3,r3                        | 8919 bt 0x000000000c09f510
0c09f4dc 2328 tst r2,r3                           | 4f26 lds.l @r15+,pr
0c09f4de 8b0e bf 0x000000000c09f4fe               | 64e3 mov r14,r4
0c09f4e0 a002 bra 0x000000000c09f4e8              | a09b bra 0x000000000c09f61a
0c09f4e2 0009 nop                                 | 6ef6 mov.l @r15+,r14
0c09f4e4 b00e bsr 0x000000000c09f504              | 01e8 error
0c09f4e6 64e3 mov r14,r4                          | 01fe mov.l @(r0,r15),r1
0c09f4e8 d23c mov.l 0x000000000c09f5dc,r2         | 01fa stc dbr,r1
0c09f4ea 420b jsr @r2                             | 1000 mov.l r0,@(0,r0)
0c09f4ec 64e3 mov r14,r4                          | a026 bra 0x000000000c09f53c
0c09f4ee 600c extu.b r0,r0                        | 0c02 stc sr,r12
0c09f4f0 2008 tst r0,r0                           | 37b8 sub r11,r7
0c09f4f2 8904 bt 0x000000000c09f4fe               | 0c04 mov.b r0,@(r0,r12)
0c09f4f4 4f26 lds.l @r15+,pr                      | 21f4 mov.b r15,@-r1
0c09f4f6 d23a mov.l 0x000000000c09f5e0,r2         | 0c04 mov.b r0,@(r0,r12)
0c09f4f8 64e3 mov r14,r4                          | 20f8 tst r15,r0
0c09f4fa 422b jmp @r2                             | 0c04 mov.b r0,@(r0,r12)
0c09f4fc 6ef6 mov.l @r15+,r14                     | 2018 tst r1,r0
0c09f4fe 4f26 lds.l @r15+,pr                      | 0c04 mov.b r0,@(r0,r12)
0c09f500 000b rts                                 | 21b8 tst r11,r1
0c09f502 6ef6 mov.l @r15+,r14                     | 0c04 mov.b r0,@(r0,r12)
0c09f504 4f22 sts.l pr,@-r15                      | 4e52 sts.l fpul,@-r14
0c09f506 7ffc add #-4,r15                         | 0c04 mov.b r0,@(r0,r12)
0c09f508 d336 mov.l 0x000000000c09f5e4,r3         | 4f1c shad r1,r15
0c09f50a 430b jsr @r3                             | 0c04 mov.b r0,@(r0,r12)
0c09f50c 2f42 mov.l r4,@r15                       | 38de addc r13,r8
0c09f50e 600e exts.b r0,r0                        | 0c04 mov.b r0,@(r0,r12)
0c09f510 4011 cmp/pz r0                           | d248 mov.l 0x000000000c09f634,r2
0c09f512 8904 bt 0x000000000c09f51e               | 420b jsr @r2
0c09f514 64f2 mov.l @r15,r4                       | 64e3 mov r14,r4
0c09f516 7f04 add #4,r15                          | 600e exts.b r0,r0
0c09f518 d333 mov.l 0x000000000c09f5e8,r3         | 4011 cmp/pz r0
0c09f51a 432b jmp @r3                             | 8904 bt 0x000000000c09f526
0c09f51e 7f04 add #4,r15                          | d246 mov.l 0x000000000c09f638,r2
0c09f520 4f26 lds.l @r15+,pr                      | 64e3 mov r14,r4
0c09f522 000b rts                                 | 422b jmp @r2
0c09f524 0009 nop                                 | 6ef6 mov.l @r15+,r14
0c09f526 9056 mov.w 0x000000000c09f5d6,r0         | 4f26 lds.l @r15+,pr
0c09f528 2fe6 mov.l r14,@-r15                     | 000b rts
0c09f52a 6e43 mov r4,r14                          | 6ef6 mov.l @r15+,r14
0c09f52c 4f22 sts.l pr,@-r15                      | 2fe6 mov.l r14,@-r15
0c09f52e 00ec mov.b @(r0,r14),r0                  | 4f22 sts.l pr,@-r15
0c09f530 600c extu.b r0,r0                        | d340 mov.l 0x000000000c09f634,r3
0c09f532 8802 cmp/eq #2,r0                        | 430b jsr @r3
0c09f534 8905 bt 0x000000000c09f542               | 6e43 mov r4,r14
0c09f536 8800 cmp/eq #0,r0                        | 600e exts.b r0,r0
0c09f538 890d bt 0x000000000c09f556               | 4011 cmp/pz r0
0c09f53a 8801 cmp/eq #1,r0                        | 8902 bt 0x000000000c09f542
0c09f53c 890b bt 0x000000000c09f556               | d33f mov.l 0x000000000c09f63c,r3
0c09f53e a00a bra 0x000000000c09f556              | 430b jsr @r3
0c09f540 0009 nop                                 | 64e3 mov r14,r4
0c09f542 9046 mov.w 0x000000000c09f5d2,r0         | 9073 mov.w 0x000000000c09f62c,r0
0c09f544 9246 mov.w 0x000000000c09f5d4,r2         | 00ec mov.b @(r0,r14),r0
0c09f546 03ed mov.w @(r0,r14),r3                  | 8801 cmp/eq #1,r0
0c09f548 633d extu.w r3,r3                        | 8b14 bf 0x000000000c09f574
0c09f54a 2328 tst r2,r3                           | 906f mov.w 0x000000000c09f62c,r0
0c09f54c 8903 bt 0x000000000c09f556               | e400 mov #0,r4
0c09f54e 4f26 lds.l @r15+,pr                      | e317 mov #23,r3
0c09f550 64e3 mov r14,r4                          | 0e44 mov.b r4,@(r0,r14)
0c09f552 a098 bra 0x000000000c09f686              | 7060 add #96,r0
0c09f554 6ef6 mov.l @r15+,r14                     | 0e34 mov.b r3,@(r0,r14)
0c09f556 d323 mov.l 0x000000000c09f5e4,r3         | 700b add #11,r0
0c09f558 430b jsr @r3                             | 0e45 mov.w r4,@(r0,r14)
0c09f55a 64e3 mov r14,r4                          | 70f2 add #-14,r0
0c09f55c 600e exts.b r0,r0                        | 0e44 mov.b r4,@(r0,r14)
0c09f55e 4011 cmp/pz r0                           | 7026 add #38,r0
0c09f560 8904 bt 0x000000000c09f56c               | d337 mov.l 0x000000000c09f640,r3
0c09f562 4f26 lds.l @r15+,pr                      | 0e46 mov.l r4,@(r0,r14)
0c09f564 d320 mov.l 0x000000000c09f5e8,r3         | 84e2 mov.b @(2,r14),r0
0c09f566 64e3 mov r14,r4                          | 6232 mov.l @r3,r2
0c09f568 432b jmp @r3                             | 600c extu.b r0,r0
0c09f56a 6ef6 mov.l @r15+,r14                     | 4000 shll r0
0c09f56c 4f26 lds.l @r15+,pr                      | 727c add #124,r2
0c09f56e 000b rts                                 | 012d mov.w @(r0,r2),r1
0c09f570 6ef6 mov.l @r15+,r14                     | 7101 add #1,r1
0c09f572 2fe6 mov.l r14,@-r15                     | 0215 mov.w r1,@(r0,r2)
0c09f574 4f22 sts.l pr,@-r15                      | 4f26 lds.l @r15+,pr
0c09f576 d31b mov.l 0x000000000c09f5e4,r3         | 000b rts
0c09f578 430b jsr @r3                             | 6ef6 mov.l @r15+,r14
0c09f57a 6e43 mov r4,r14                          | 6343 mov r4,r3
0c09f57c 600e exts.b r0,r0                        | d131 mov.l 0x000000000c09f644,r1
0c09f57e 4011 cmp/pz r0                           | 2f46 mov.l r4,@-r15
0c09f580 8902 bt 0x000000000c09f588               | 8437 mov.b @(7,r3),r0
0c09f582 d31a mov.l 0x000000000c09f5ec,r3         | 600c extu.b r0,r0
0c09f584 430b jsr @r3                             | 4008 shll2 r0
0c09f586 64e3 mov r14,r4                          | 031e mov.l @(r0,r1),r3
0c09f588 9026 mov.w 0x000000000c09f5d8,r0         | 432b jmp @r3
0c09f58a 00ec mov.b @(r0,r14),r0                  | 7f04 add #4,r15
0c09f58c 8801 cmp/eq #1,r0                        | 8447 mov.b @(7,r4),r0
0c09f58e 8b14 bf 0x000000000c09f5ba               | e302 mov #2,r3
0c09f590 9022 mov.w 0x000000000c09f5d8,r0         | 7001 add #1,r0
0c09f592 e400 mov #0,r4                           | 8047 mov.b r0,@(7,r4)
0c09f594 e317 mov #23,r3                          | 904b mov.w 0x000000000c09f62e,r0
0c09f596 0e44 mov.b r4,@(r0,r14)                  | 0434 mov.b r3,@(r0,r4)
0c09f598 7060 add #96,r0                          | 70d9 add #-39,r0
0c09f59a 0e34 mov.b r3,@(r0,r14)                  | 024c mov.b @(r0,r4),r2
0c09f59c 700b add #11,r0                          | 2228 tst r2,r2
0c09f59e 0e45 mov.w r4,@(r0,r14)                  | 8902 bt 0x000000000c09f5a6
0c09f5a0 70f2 add #-14,r0                         | c729 mova 0x000000000c09f648,r0
0c09f5a2 0e44 mov.b r4,@(r0,r14)                  | a002 bra 0x000000000c09f5aa
0c09f5a4 7026 add #38,r0                          | f308 fmov @r0,fr3
0c09f5a6 d312 mov.l 0x000000000c09f5f0,r3         | c729 mova 0x000000000c09f64c,r0
0c09f5a8 0e46 mov.l r4,@(r0,r14)                  | f308 fmov @r0,fr3
0c09f5aa 84e2 mov.b @(2,r14),r0                   | e05c mov #92,r0
0c09f5ac 6232 mov.l @r3,r2                        | f437 fmov fr3,@(r0,r4)
0c09f5ae 600c extu.b r0,r0                        | e068 mov #104,r0
0c09f5b0 4000 shll r0                             | f38d fldi0 fr3
0c09f5b2 727c add #124,r2                         | f437 fmov fr3,@(r0,r4)
0c09f5b4 012d mov.w @(r0,r2),r1                   | c726 mova 0x000000000c09f650,r0
0c09f5b6 7101 add #1,r1                           | f308 fmov @r0,fr3
0c09f5b8 0215 mov.w r1,@(r0,r2)                   | e060 mov #96,r0
0c09f5ba 4f26 lds.l @r15+,pr                      | f437 fmov fr3,@(r0,r4)
0c09f5bc 000b rts                                 | c725 mova 0x000000000c09f654,r0
0c09f5be 6ef6 mov.l @r15+,r14                     | f308 fmov @r0,fr3
0c09f5c0 6343 mov r4,r3                           | e06c mov #108,r0
0c09f5c2 d10c mov.l 0x000000000c09f5f4,r1         | 000b rts
0c09f5c4 2f46 mov.l r4,@-r15                      | f437 fmov fr3,@(r0,r4)
0c09f5c6 8437 mov.b @(7,r3),r0                    | 2fe6 mov.l r14,@-r15
0c09f5c8 600c extu.b r0,r0                        | e038 mov #56,r0
0c09f5ca 4008 shll2 r0                            | 6e43 mov r4,r14
0c09f5cc 031e mov.l @(r0,r1),r3                   | 4f22 sts.l pr,@-r15
0c09f5ce 432b jmp @r3                             | f3e6 fmov @(r0,r14),fr3
0c09f5d0 7f04 add #4,r15                          | 902e mov.w 0x000000000c09f630,r0
0c09f5d2 01fa stc dbr,r1                          | f2e6 fmov @(r0,r14),fr2
0c09f5d4 1000 mov.l r0,@(0,r0)                    | f235 fcmp/gt fr3,fr2
0c09f5d6 01e8 error                               | 8b12 bf 0x000000000c09f5fe
0c09f5d8 0141 error                               | d21f mov.l 0x000000000c09f658,r2
0c09f5da 0000 error                               | 420b jsr @r2
0c09f5dc 4e52 sts.l fpul,@-r14                    | 64e3 mov r14,r4
0c09f5de 0c04 mov.b r0,@(r0,r12)                  | 9026 mov.w 0x000000000c09f62e,r0
0c09f5e0 4f1c shad r1,r15                         | e300 mov #0,r3
0c09f5e2 0c04 mov.b r0,@(r0,r12)                  | f48d fldi0 fr4
0c09f5e4 a026 bra 0x000000000c09f634              | 0e34 mov.b r3,@(r0,r14)
0c09f5e6 0c02 stc sr,r12                          | e05c mov #92,r0
0c09f5e8 38de addc r13,r8                         | fe47 fmov fr4,@(r0,r14)
0c09f5ea 0c04 mov.b r0,@(r0,r12)                  | e060 mov #96,r0
0c09f5ec 37b8 sub r11,r7                          | fe47 fmov fr4,@(r0,r14)
0c09f5ee 0c04 mov.b r0,@(r0,r12)                  | e068 mov #104,r0
0c09f5f0 83f8 error                               | fe47 fmov fr4,@(r0,r14)
0c09f5f2 0c2f mac.l @r2+,@r12+                    | e06c mov #108,r0
0c09f5f4 38ac add r10,r8                          | fe47 fmov fr4,@(r0,r14)
0c09f5f6 0c24 mov.b r2,@(r0,r12)                  | 901b mov.w 0x000000000c09f630,r0
0c09f5f8 8447 mov.b @(7,r4),r0                    | f3e6 fmov @(r0,r14),fr3
0c09f5fa e302 mov #2,r3                           | e038 mov #56,r0
0c09f5fc 7001 add #1,r0                           | fe37 fmov fr3,@(r0,r14)
0c09f5fe 8047 mov.b r0,@(7,r4)                    | d30d mov.l 0x000000000c09f634,r3
0c09f600 9073 mov.w 0x000000000c09f6ea,r0         | 430b jsr @r3
0c09f602 0434 mov.b r3,@(r0,r4)                   | 64e3 mov r14,r4
0c09f604 70d9 add #-39,r0                         | 600e exts.b r0,r0
0c09f606 024c mov.b @(r0,r4),r2                   | 4011 cmp/pz r0
0c09f608 2228 tst r2,r2                           | 8904 bt 0x000000000c09f614
0c09f60a 8902 bt 0x000000000c09f612               | 4f26 lds.l @r15+,pr
0c09f60c c739 mova 0x000000000c09f6f4,r0          | d30b mov.l 0x000000000c09f63c,r3
0c09f60e a002 bra 0x000000000c09f616              | 64e3 mov r14,r4
0c09f610 f308 fmov @r0,fr3                        | 432b jmp @r3
0c09f612 c739 mova 0x000000000c09f6f8,r0          | 6ef6 mov.l @r15+,r14
0c09f614 f308 fmov @r0,fr3                        | 4f26 lds.l @r15+,pr
0c09f616 e05c mov #92,r0                          | 000b rts
0c09f618 f437 fmov fr3,@(r0,r4)                   | 6ef6 mov.l @r15+,r14
0c09f61a e068 mov #104,r0                         | 6343 mov r4,r3
0c09f61c f38d fldi0 fr3                           | d10f mov.l 0x000000000c09f65c,r1
0c09f61e f437 fmov fr3,@(r0,r4)                   | 2f46 mov.l r4,@-r15
0c09f620 c736 mova 0x000000000c09f6fc,r0          | 8437 mov.b @(7,r3),r0
0c09f622 f308 fmov @r0,fr3                        | 600c extu.b r0,r0
0c09f624 e060 mov #96,r0                          | 4008 shll2 r0
0c09f626 f437 fmov fr3,@(r0,r4)                   | 031e mov.l @(r0,r1),r3
0c09f628 c735 mova 0x000000000c09f700,r0          | 432b jmp @r3
0c09f62a f308 fmov @r0,fr3                        | 7f04 add #4,r15
0c09f62c e06c mov #108,r0                         | 0141 error
0c09f62e 000b rts                                 | 01f9 error
0c09f630 f437 fmov fr3,@(r0,r4)                   | 041c mov.b @(r0,r1),r4
0c09f632 905b mov.w 0x000000000c09f6ec,r0         | 0000 error
0c09f634 2fe6 mov.l r14,@-r15                     | a026 bra 0x000000000c09f684
0c09f636 6e43 mov r4,r14                          | 0c02 stc sr,r12
0c09f638 4f22 sts.l pr,@-r15                      | 38de addc r13,r8
0c09f63a f3e6 fmov @(r0,r14),fr3                  | 0c04 mov.b r0,@(r0,r12)
0c09f63c e038 mov #56,r0                          | 37b8 sub r11,r7
0c09f63e f2e6 fmov @(r0,r14),fr2                  | 0c04 mov.b r0,@(r0,r12)
0c09f640 f325 fcmp/gt fr2,fr3                     | 83f8 error
0c09f642 8b12 bf 0x000000000c09f66a               | 0c2f mac.l @r2+,@r12+
0c09f644 d22f mov.l 0x000000000c09f704,r2         | 38ac add r10,r8
0c09f646 420b jsr @r2                             | 0c24 mov.b r2,@(r0,r12)
0c09f648 64e3 mov r14,r4                          | 2492 mov.l r9,@r4
0c09f64a 904e mov.w 0x000000000c09f6ea,r0         | 4089 error
0c09f64c e300 mov #0,r3                           | 2492 mov.l r9,@r4
0c09f64e f48d fldi0 fr4                           | c089 mov.b r0,@(137,gbr)
0c09f650 0e34 mov.b r3,@(r0,r14)                  | 2492 mov.l r9,@r4
0c09f652 e05c mov #92,r0                          | 4109 shlr2 r1
0c09f654 fe47 fmov fr4,@(r0,r14)                  | 2492 mov.l r9,@r4
0c09f656 e060 mov #96,r0                          | bf89 bsr 0x000000000c09f56c
0c09f658 fe47 fmov fr4,@(r0,r14)                  | 3324 div1 r2,r3
0c09f65a e068 mov #104,r0                         | 0c04 mov.b r0,@(r0,r12)
0c09f65c fe47 fmov fr4,@(r0,r14)                  | 38b4 div1 r11,r8
0c09f65e e06c mov #108,r0                         | 0c24 mov.b r2,@(r0,r12)
0c09f660 fe47 fmov fr4,@(r0,r14)                  | 9094 mov.w 0x000000000c09f78c,r0
0c09f662 9043 mov.w 0x000000000c09f6ec,r0         | e300 mov #0,r3
0c09f664 f3e6 fmov @(r0,r14),fr3                  | 2fe6 mov.l r14,@-r15
0c09f666 e038 mov #56,r0                          | 6e43 mov r4,r14
0c09f668 fe37 fmov fr3,@(r0,r14)                  | 4f22 sts.l pr,@-r15
0c09f66a d327 mov.l 0x000000000c09f708,r3         | 0e34 mov.b r3,@(r0,r14)
0c09f66c 430b jsr @r3                             | d34b mov.l 0x000000000c09f79c,r3
0c09f66e 64e3 mov r14,r4                          | 430b jsr @r3
0c09f670 600e exts.b r0,r0                        | 64e3 mov r14,r4
0c09f672 4011 cmp/pz r0                           | 908c mov.w 0x000000000c09f78e,r0
0c09f674 8904 bt 0x000000000c09f680               | 02ec mov.b @(r0,r14),r2
0c09f676 4f26 lds.l @r15+,pr                      | 2228 tst r2,r2
0c09f678 d324 mov.l 0x000000000c09f70c,r3         | 8d0b bt.s 0x000000000c09f692
0c09f67a 64e3 mov r14,r4                          | f48d fldi0 fr4
0c09f67c 432b jmp @r3                             | e05c mov #92,r0
0c09f67e 6ef6 mov.l @r15+,r14                     | fe47 fmov fr4,@(r0,r14)
0c09f680 4f26 lds.l @r15+,pr                      | e060 mov #96,r0
0c09f682 000b rts                                 | fe47 fmov fr4,@(r0,r14)
0c09f684 6ef6 mov.l @r15+,r14                     | e068 mov #104,r0
0c09f686 6343 mov r4,r3                           | fe47 fmov fr4,@(r0,r14)
0c09f688 d121 mov.l 0x000000000c09f710,r1         | e06c mov #108,r0
0c09f68a 2f46 mov.l r4,@-r15                      | fe47 fmov fr4,@(r0,r14)
0c09f68c 8437 mov.b @(7,r3),r0                    | 4f26 lds.l @r15+,pr
0c09f68e 600c extu.b r0,r0                        | 000b rts
0c09f690 4008 shll2 r0                            | 6ef6 mov.l @r15+,r14
0c09f692 031e mov.l @(r0,r1),r3                   | 84e7 mov.b @(7,r14),r0
0c09f694 432b jmp @r3                             | 7001 add #1,r0
0c09f696 7f04 add #4,r15                          | 80e7 mov.b r0,@(7,r14)
0c09f698 9029 mov.w 0x000000000c09f6ee,r0         | e05c mov #92,r0
0c09f69a e300 mov #0,r3                           | fe47 fmov fr4,@(r0,r14)
0c09f69c 2fe6 mov.l r14,@-r15                     | e068 mov #104,r0
0c09f69e 6e43 mov r4,r14                          | fe47 fmov fr4,@(r0,r14)
0c09f6a0 4f22 sts.l pr,@-r15                      | e060 mov #96,r0
0c09f6a2 0e34 mov.b r3,@(r0,r14)                  | fe47 fmov fr4,@(r0,r14)
0c09f6a4 d318 mov.l 0x000000000c09f708,r3         | c73e mova 0x000000000c09f7a0,r0
0c09f6a6 430b jsr @r3                             | f308 fmov @r0,fr3
0c09f6a8 64e3 mov r14,r4                          | e06c mov #108,r0
0c09f6aa 9021 mov.w 0x000000000c09f6f0,r0         | fe37 fmov fr3,@(r0,r14)
0c09f6ac 02ec mov.b @(r0,r14),r2                  | 4f26 lds.l @r15+,pr
0c09f6ae 2228 tst r2,r2                           | 000b rts
0c09f6b0 8d0b bt.s 0x000000000c09f6ca             | 6ef6 mov.l @r15+,r14
0c09f6b2 f48d fldi0 fr4                           | 2fe6 mov.l r14,@-r15
0c09f6b4 e05c mov #92,r0                          | e15c mov #92,r1
0c09f6b6 fe47 fmov fr4,@(r0,r14)                  | 6e43 mov r4,r14
0c09f6b8 e060 mov #96,r0                          | 31ec add r14,r1
0c09f6ba fe47 fmov fr4,@(r0,r14)                  | e034 mov #52,r0
0c09f6bc e068 mov #104,r0                         | 4f22 sts.l pr,@-r15
0c09f6be fe47 fmov fr4,@(r0,r14)                  | f2e6 fmov @(r0,r14),fr2
0c09f6c0 e06c mov #108,r0                         | f318 fmov @r1,fr3
0c09f6c2 fe47 fmov fr4,@(r0,r14)                  | e168 mov #104,r1
0c09f6c4 4f26 lds.l @r15+,pr                      | 31ec add r14,r1
0c09f6c6 000b rts                                 | f230 fadd fr3,fr2
0c09f6c8 6ef6 mov.l @r15+,r14                     | fe27 fmov fr2,@(r0,r14)
0c09f6ca 84e7 mov.b @(7,r14),r0                   | e05c mov #92,r0
0c09f6cc 7001 add #1,r0                           | f318 fmov @r1,fr3
0c09f6ce 80e7 mov.b r0,@(7,r14)                   | e160 mov #96,r1
0c09f6d0 e05c mov #92,r0                          | f2e6 fmov @(r0,r14),fr2
0c09f6d2 fe47 fmov fr4,@(r0,r14)                  | 31ec add r14,r1
0c09f6d4 e068 mov #104,r0                         | f230 fadd fr3,fr2
0c09f6d6 fe47 fmov fr4,@(r0,r14)                  | fe27 fmov fr2,@(r0,r14)
0c09f6d8 e060 mov #96,r0                          | e038 mov #56,r0
0c09f6da fe47 fmov fr4,@(r0,r14)                  | f2e6 fmov @(r0,r14),fr2
0c09f6dc c70d mova 0x000000000c09f714,r0          | f318 fmov @r1,fr3
0c09f6de f308 fmov @r0,fr3                        | e16c mov #108,r1
0c09f6e0 e06c mov #108,r0                         | 31ec add r14,r1
0c09f6e2 fe37 fmov fr3,@(r0,r14)                  | f230 fadd fr3,fr2
0c09f6e4 4f26 lds.l @r15+,pr                      | fe27 fmov fr2,@(r0,r14)
0c09f6e6 000b rts                                 | e060 mov #96,r0
0c09f6e8 6ef6 mov.l @r15+,r14                     | f2e6 fmov @(r0,r14),fr2
0c09f6ea 01f9 error                               | f318 fmov @r1,fr3
0c09f6ec 041c mov.b @(r0,r1),r4                   | f230 fadd fr3,fr2
0c09f6ee 01fc mov.b @(r0,r15),r1                  | fe27 fmov fr2,@(r0,r14)
0c09f6f0 0141 error                               | 904e mov.w 0x000000000c09f790,r0
0c09f6f2 0000 error                               | 03ec mov.b @(r0,r14),r3
0c09f6f4 2492 mov.l r9,@r4                        | 2338 tst r3,r3
0c09f6f6 4089 error                               | 8d23 bt.s 0x000000000c09f740
0c09f6f8 2492 mov.l r9,@r4                        | f48d fldi0 fr4
0c09f6fa c089 mov.b r0,@(137,gbr)                 | 84e7 mov.b @(7,r14),r0
0c09f6fc 2492 mov.l r9,@r4                        | 7001 add #1,r0
0c09f6fe 4109 shlr2 r1                            | 80e7 mov.b r0,@(7,r14)
0c09f700 2492 mov.l r9,@r4                        | c728 mova 0x000000000c09f7a4,r0
0c09f702 bf89 bsr 0x000000000c09f618              | f308 fmov @r0,fr3
0c09f704 3324 div1 r2,r3                          | e05c mov #92,r0
0c09f706 0c04 mov.b r0,@(r0,r12)                  | fe37 fmov fr3,@(r0,r14)
0c09f708 a026 bra 0x000000000c09f758              | 9043 mov.w 0x000000000c09f792,r0
0c09f70a 0c02 stc sr,r12                          | 03ec mov.b @(r0,r14),r3
0c09f70c 37b8 sub r11,r7                          | 2338 tst r3,r3
0c09f70e 0c04 mov.b r0,@(r0,r12)                  | 8903 bt 0x000000000c09f718
0c09f710 38b4 div1 r11,r8                         | e05c mov #92,r0
0c09f712 0c24 mov.b r2,@(r0,r12)                  | f3e6 fmov @(r0,r14),fr3
0c09f714 b6db bsr 0x000000000c0a04ce              | f34d fneg fr3
0c09f716 bf4d bsr 0x000000000c09f5b4              | fe37 fmov fr3,@(r0,r14)
0c09f718 2fe6 mov.l r14,@-r15                     | e068 mov #104,r0
0c09f71a e15c mov #92,r1                          | 64e3 mov r14,r4
0c09f71c 6e43 mov r4,r14                          | fe47 fmov fr4,@(r0,r14)
0c09f71e 31ec add r14,r1                          | c722 mova 0x000000000c09f7a8,r0
0c09f720 e034 mov #52,r0                          | f308 fmov @r0,fr3
0c09f722 4f22 sts.l pr,@-r15                      | e060 mov #96,r0
0c09f724 f2e6 fmov @(r0,r14),fr2                  | e301 mov #1,r3
0c09f726 f318 fmov @r1,fr3                        | fe37 fmov fr3,@(r0,r14)
0c09f728 e168 mov #104,r1                         | c720 mova 0x000000000c09f7ac,r0
0c09f72a 31ec add r14,r1                          | f308 fmov @r0,fr3
0c09f72c f230 fadd fr3,fr2                        | e06c mov #108,r0
0c09f72e fe27 fmov fr2,@(r0,r14)                  | e614 mov #20,r6
0c09f730 e05c mov #92,r0                          | fe37 fmov fr3,@(r0,r14)
0c09f732 f318 fmov @r1,fr3                        | 6563 mov r6,r5
0c09f734 e160 mov #96,r1                          | 902e mov.w 0x000000000c09f794,r0
0c09f736 f2e6 fmov @(r0,r14),fr2                  | 0e34 mov.b r3,@(r0,r14)
0c09f738 31ec add r14,r1                          | 4f26 lds.l @r15+,pr
0c09f73a f230 fadd fr3,fr2                        | d31d mov.l 0x000000000c09f7b0,r3
0c09f73c fe27 fmov fr2,@(r0,r14)                  | 432b jmp @r3
0c09f73e e038 mov #56,r0                          | 6ef6 mov.l @r15+,r14
0c09f740 f2e6 fmov @(r0,r14),fr2                  | e038 mov #56,r0
0c09f742 f318 fmov @r1,fr3                        | f3e6 fmov @(r0,r14),fr3
0c09f744 e16c mov #108,r1                         | 9027 mov.w 0x000000000c09f796,r0
0c09f746 31ec add r14,r1                          | f2e6 fmov @(r0,r14),fr2
0c09f748 f230 fadd fr3,fr2                        | f235 fcmp/gt fr3,fr2
0c09f74a fe27 fmov fr2,@(r0,r14)                  | 8b1a bf 0x000000000c09f782
0c09f74c e060 mov #96,r0                          | e003 mov #3,r0
0c09f74e f2e6 fmov @(r0,r14),fr2                  | 80e7 mov.b r0,@(7,r14)
0c09f750 f318 fmov @r1,fr3                        | e300 mov #0,r3
0c09f752 f230 fadd fr3,fr2                        | 9021 mov.w 0x000000000c09f798,r0
0c09f754 fe27 fmov fr2,@(r0,r14)                  | 0e34 mov.b r3,@(r0,r14)
0c09f756 9088 mov.w 0x000000000c09f86a,r0         | e05c mov #92,r0
0c09f758 03ec mov.b @(r0,r14),r3                  | fe47 fmov fr4,@(r0,r14)
0c09f75a 2338 tst r3,r3                           | e060 mov #96,r0
0c09f75c 8d23 bt.s 0x000000000c09f7a6             | fe47 fmov fr4,@(r0,r14)
0c09f75e f48d fldi0 fr4                           | e068 mov #104,r0
0c09f760 84e7 mov.b @(7,r14),r0                   | fe47 fmov fr4,@(r0,r14)
0c09f762 7001 add #1,r0                           | e06c mov #108,r0
0c09f764 80e7 mov.b r0,@(7,r14)                   | fe47 fmov fr4,@(r0,r14)
0c09f766 c743 mova 0x000000000c09f874,r0          | 9016 mov.w 0x000000000c09f796,r0
0c09f768 f308 fmov @r0,fr3                        | d312 mov.l 0x000000000c09f7b4,r3
0c09f76a e05c mov #92,r0                          | f3e6 fmov @(r0,r14),fr3
0c09f76c fe37 fmov fr3,@(r0,r14)                  | e038 mov #56,r0
0c09f76e 907d mov.w 0x000000000c09f86c,r0         | fe37 fmov fr3,@(r0,r14)
0c09f770 03ec mov.b @(r0,r14),r3                  | 430b jsr @r3
0c09f772 2338 tst r3,r3                           | 64e3 mov r14,r4
0c09f774 8903 bt 0x000000000c09f77e               | 4f26 lds.l @r15+,pr
0c09f776 e05c mov #92,r0                          | d20e mov.l 0x000000000c09f7b0,r2
0c09f778 f3e6 fmov @(r0,r14),fr3                  | 64e3 mov r14,r4
0c09f77a f34d fneg fr3                            | e615 mov #21,r6
0c09f77c fe37 fmov fr3,@(r0,r14)                  | e514 mov #20,r5
0c09f77e e068 mov #104,r0                         | 422b jmp @r2
0c09f780 64e3 mov r14,r4                          | 6ef6 mov.l @r15+,r14
0c09f782 fe47 fmov fr4,@(r0,r14)                  | 4f26 lds.l @r15+,pr
0c09f784 c73c mova 0x000000000c09f878,r0          | d205 mov.l 0x000000000c09f79c,r2
0c09f786 f308 fmov @r0,fr3                        | 64e3 mov r14,r4
0c09f788 e060 mov #96,r0                          | 422b jmp @r2
0c09f78a e301 mov #1,r3                           | 6ef6 mov.l @r15+,r14
0c09f78c fe37 fmov fr3,@(r0,r14)                  | 01fc mov.b @(r0,r15),r1
0c09f78e c73b mova 0x000000000c09f87c,r0          | 0141 error
0c09f790 f308 fmov @r0,fr3                        | 019e mov.l @(r0,r9),r1
0c09f792 e06c mov #108,r0                         | 01d2 stc r5_bank,r1
0c09f794 e614 mov #20,r6                          | 01d3 error
0c09f796 fe37 fmov fr3,@(r0,r14)                  | 041c mov.b @(r0,r1),r4
0c09f798 6563 mov r6,r5                           | 01f9 error
0c09f79a 9068 mov.w 0x000000000c09f86e,r0         | 0000 error
0c09f79c 0e34 mov.b r3,@(r0,r14)                  | a026 bra 0x000000000c09f7ec
0c09f79e 4f26 lds.l @r15+,pr                      | 0c02 stc sr,r12
0c09f7a0 d337 mov.l 0x000000000c09f880,r3         | b6db bsr 0x000000000c0a055a
0c09f7a2 432b jmp @r3                             | bf4d bsr 0x000000000c09f640
0c09f7a4 6ef6 mov.l @r15+,r14                     | 5555 mov.l @(20,r5),r5
0c09f7a6 9063 mov.w 0x000000000c09f870,r0         | 4085 error
0c09f7a8 f3e6 fmov @(r0,r14),fr3                  | 0000 error
0c09f7aa e038 mov #56,r0                          | 4170 error
0c09f7ac f2e6 fmov @(r0,r14),fr2                  | 2492 mov.l r9,@r4
0c09f7ae f325 fcmp/gt fr2,fr3                     | bf89 bsr 0x000000000c09f6c4
0c09f7b0 8b1a bf 0x000000000c09f7e8               | a0c4 bra 0x000000000c09f93c
0c09f7b2 e003 mov #3,r0                           | 0c02 stc sr,r12
0c09f7b4 80e7 mov.b r0,@(7,r14)                   | 3324 div1 r2,r3
0c09f7b6 e300 mov #0,r3                           | 0c04 mov.b r0,@(r0,r12)
0c09f7b8 905b mov.w 0x000000000c09f872,r0         | 2fe6 mov.l r14,@-r15
0c09f7ba 0e34 mov.b r3,@(r0,r14)                  | e038 mov #56,r0
0c09f7bc e05c mov #92,r0                          | 6e43 mov r4,r14
0c09f7be fe47 fmov fr4,@(r0,r14)                  | 4f22 sts.l pr,@-r15
0c09f7c0 e060 mov #96,r0                          | f3e6 fmov @(r0,r14),fr3
0c09f7c2 fe47 fmov fr4,@(r0,r14)                  | 9062 mov.w 0x000000000c09f88a,r0
0c09f7c4 e068 mov #104,r0                         | f2e6 fmov @(r0,r14),fr2
0c09f7c6 fe47 fmov fr4,@(r0,r14)                  | f235 fcmp/gt fr3,fr2
0c09f7c8 e06c mov #108,r0                         | 8b1c bf 0x000000000c09f804
0c09f7ca fe47 fmov fr4,@(r0,r14)                  | 84e7 mov.b @(7,r14),r0
0c09f7cc 9050 mov.w 0x000000000c09f870,r0         | e300 mov #0,r3
0c09f7ce d32d mov.l 0x000000000c09f884,r3         | f48d fldi0 fr4
0c09f7d0 f3e6 fmov @(r0,r14),fr3                  | 7001 add #1,r0
0c09f7d2 e038 mov #56,r0                          | 80e7 mov.b r0,@(7,r14)
0c09f7d4 fe37 fmov fr3,@(r0,r14)                  | 905a mov.w 0x000000000c09f88c,r0
0c09f7d6 430b jsr @r3                             | 0e34 mov.b r3,@(r0,r14)
0c09f7d8 64e3 mov r14,r4                          | e05c mov #92,r0
0c09f7da 4f26 lds.l @r15+,pr                      | fe47 fmov fr4,@(r0,r14)
0c09f7dc d228 mov.l 0x000000000c09f880,r2         | e060 mov #96,r0
0c09f7de 64e3 mov r14,r4                          | fe47 fmov fr4,@(r0,r14)
0c09f7e0 e615 mov #21,r6                          | e068 mov #104,r0
0c09f7e2 e514 mov #20,r5                          | fe47 fmov fr4,@(r0,r14)
0c09f7e4 422b jmp @r2                             | e06c mov #108,r0
0c09f7e6 6ef6 mov.l @r15+,r14                     | fe47 fmov fr4,@(r0,r14)
0c09f7e8 4f26 lds.l @r15+,pr                      | 904f mov.w 0x000000000c09f88a,r0
0c09f7ea d327 mov.l 0x000000000c09f888,r3         | d32b mov.l 0x000000000c09f898,r3
0c09f7ec 64e3 mov r14,r4                          | f3e6 fmov @(r0,r14),fr3
0c09f7ee 432b jmp @r3                             | e038 mov #56,r0
0c09f7f0 6ef6 mov.l @r15+,r14                     | fe37 fmov fr3,@(r0,r14)
0c09f7f2 903d mov.w 0x000000000c09f870,r0         | 430b jsr @r3
0c09f7f4 2fe6 mov.l r14,@-r15                     | 64e3 mov r14,r4
0c09f7f6 6e43 mov r4,r14                          | 4f26 lds.l @r15+,pr
0c09f7f8 4f22 sts.l pr,@-r15                      | d228 mov.l 0x000000000c09f89c,r2
0c09f7fa f3e6 fmov @(r0,r14),fr3                  | 64e3 mov r14,r4
0c09f7fc e038 mov #56,r0                          | e615 mov #21,r6
0c09f7fe f2e6 fmov @(r0,r14),fr2                  | e514 mov #20,r5
0c09f800 f325 fcmp/gt fr2,fr3                     | 422b jmp @r2
0c09f802 8b1c bf 0x000000000c09f83e               | 6ef6 mov.l @r15+,r14
0c09f804 84e7 mov.b @(7,r14),r0                   | 4f26 lds.l @r15+,pr
0c09f806 e300 mov #0,r3                           | d226 mov.l 0x000000000c09f8a0,r2
0c09f808 f48d fldi0 fr4                           | 64e3 mov r14,r4
0c09f80a 7001 add #1,r0                           | 422b jmp @r2
0c09f80c 80e7 mov.b r0,@(7,r14)                   | 6ef6 mov.l @r15+,r14
0c09f80e 9030 mov.w 0x000000000c09f872,r0         | 4f22 sts.l pr,@-r15
0c09f810 0e34 mov.b r3,@(r0,r14)                  | 7ffc add #-4,r15
0c09f812 e05c mov #92,r0                          | d323 mov.l 0x000000000c09f8a0,r3
0c09f814 fe47 fmov fr4,@(r0,r14)                  | 430b jsr @r3
0c09f816 e060 mov #96,r0                          | 2f42 mov.l r4,@r15
0c09f818 fe47 fmov fr4,@(r0,r14)                  | 600e exts.b r0,r0
0c09f81a e068 mov #104,r0                         | 4011 cmp/pz r0
0c09f81c fe47 fmov fr4,@(r0,r14)                  | 8904 bt 0x000000000c09f828
0c09f81e e06c mov #108,r0                         | 64f2 mov.l @r15,r4
0c09f820 fe47 fmov fr4,@(r0,r14)                  | 7f04 add #4,r15
0c09f822 9025 mov.w 0x000000000c09f870,r0         | d320 mov.l 0x000000000c09f8a4,r3
0c09f824 d317 mov.l 0x000000000c09f884,r3         | 432b jmp @r3
0c09f826 f3e6 fmov @(r0,r14),fr3                  | 4f26 lds.l @r15+,pr
0c09f828 e038 mov #56,r0                          | 7f04 add #4,r15
0c09f82a fe37 fmov fr3,@(r0,r14)                  | 4f26 lds.l @r15+,pr
0c09f82c 430b jsr @r3                             | 000b rts
0c09f82e 64e3 mov r14,r4                          | 0009 nop
0c09f830 4f26 lds.l @r15+,pr                      | 6343 mov r4,r3
0c09f832 d213 mov.l 0x000000000c09f880,r2         | d11d mov.l 0x000000000c09f8a8,r1
0c09f834 64e3 mov r14,r4                          | 2f46 mov.l r4,@-r15
0c09f836 e615 mov #21,r6                          | 8437 mov.b @(7,r3),r0
0c09f838 e514 mov #20,r5                          | 600c extu.b r0,r0
0c09f83a 422b jmp @r2                             | 4008 shll2 r0
0c09f83c 6ef6 mov.l @r15+,r14                     | 031e mov.l @(r0,r1),r3
0c09f83e 4f26 lds.l @r15+,pr                      | 432b jmp @r3
0c09f840 d311 mov.l 0x000000000c09f888,r3         | 7f04 add #4,r15
0c09f842 64e3 mov r14,r4                          | 2fe6 mov.l r14,@-r15
0c09f844 432b jmp @r3                             | 4f22 sts.l pr,@-r15
0c09f846 6ef6 mov.l @r15+,r14                     | d316 mov.l 0x000000000c09f8a0,r3
0c09f848 4f22 sts.l pr,@-r15                      | 430b jsr @r3
0c09f84a 7ffc add #-4,r15                         | 6e43 mov r4,r14
0c09f84c d30e mov.l 0x000000000c09f888,r3         | 600e exts.b r0,r0
0c09f84e 430b jsr @r3                             | 4011 cmp/pz r0
0c09f850 2f42 mov.l r4,@r15                       | 8902 bt 0x000000000c09f858
0c09f852 600e exts.b r0,r0                        | d314 mov.l 0x000000000c09f8a4,r3
0c09f854 4011 cmp/pz r0                           | 430b jsr @r3
0c09f856 8904 bt 0x000000000c09f862               | 64e3 mov r14,r4
0c09f858 64f2 mov.l @r15,r4                       | 9019 mov.w 0x000000000c09f88e,r0
0c09f85a 7f04 add #4,r15                          | 04ec mov.b @(r0,r14),r4
0c09f85c d30b mov.l 0x000000000c09f88c,r3         | 604e exts.b r4,r0
0c09f85e 432b jmp @r3                             | c801 tst #1,r0
0c09f860 4f26 lds.l @r15+,pr                      | 8b10 bf 0x000000000c09f884
0c09f862 7f04 add #4,r15                          | 624e exts.b r4,r2
0c09f864 4f26 lds.l @r15+,pr                      | 2228 tst r2,r2
0c09f866 000b rts                                 | 890d bt 0x000000000c09f884
0c09f868 0009 nop                                 | 9012 mov.w 0x000000000c09f890,r0
0c09f86a 019e mov.l @(r0,r9),r1                   | 03ee mov.l @(r0,r14),r3
0c09f86c 01d2 stc r5_bank,r1                      | 9011 mov.w 0x000000000c09f892,r0
0c09f86e 01d3 error                               | 023c mov.b @(r0,r3),r2
0c09f870 041c mov.b @(r0,r1),r4                   | 2228 tst r2,r2
0c09f872 01f9 error                               | 8b07 bf 0x000000000c09f884
0c09f874 5555 mov.l @(20,r5),r5                   | 84e7 mov.b @(7,r14),r0
0c09f876 4085 error                               | e302 mov #2,r3
0c09f878 0000 error                               | 7001 add #1,r0
0c09f87a 4170 error                               | 80e7 mov.b r0,@(7,r14)
0c09f87c 2492 mov.l r9,@r4                        | 900a mov.w 0x000000000c09f894,r0
0c09f87e bf89 bsr 0x000000000c09f794              | 0e34 mov.b r3,@(r0,r14)
0c09f880 a0c4 bra 0x000000000c09fa0c              | e00a mov #10,r0
0c09f882 0c02 stc sr,r12                          | 81ee mov.w r0,@(28,r14)
0c09f884 3324 div1 r2,r3                          | 4f26 lds.l @r15+,pr
0c09f886 0c04 mov.b r0,@(r0,r12)                  | 000b rts
0c09f888 a026 bra 0x000000000c09f8d8              | 6ef6 mov.l @r15+,r14
0c09f88a 0c02 stc sr,r12                          | 041c mov.b @(r0,r1),r4
0c09f88c 37b8 sub r11,r7                          | 01f9 error
0c09f88e 0c04 mov.b r0,@(r0,r12)                  | 019e mov.l @(r0,r9),r1
0c09f890 6343 mov r4,r3                           | 01b0 error
0c09f892 d14f mov.l 0x000000000c09f9d0,r1         | 0411 error
0c09f894 2f46 mov.l r4,@-r15                      | 01f5 mov.w r15,@(r0,r1)
0c09f896 8437 mov.b @(7,r3),r0                    | 0000 error
0c09f898 600c extu.b r0,r0                        | 3324 div1 r2,r3
0c09f89a 4008 shll2 r0                            | 0c04 mov.b r0,@(r0,r12)
0c09f89c 031e mov.l @(r0,r1),r3                   | a0c4 bra 0x000000000c09fa28
0c09f89e 432b jmp @r3                             | 0c02 stc sr,r12
0c09f8a0 7f04 add #4,r15                          | a026 bra 0x000000000c09f8f0
0c09f8a2 2fe6 mov.l r14,@-r15                     | 0c02 stc sr,r12
0c09f8a4 4f22 sts.l pr,@-r15                      | 37b8 sub r11,r7
0c09f8a6 d34b mov.l 0x000000000c09f9d4,r3         | 0c04 mov.b r0,@(r0,r12)
0c09f8a8 430b jsr @r3                             | 38c4 div1 r12,r8
0c09f8aa 6e43 mov r4,r14                          | 0c24 mov.b r2,@(r0,r12)
0c09f8ac 600e exts.b r0,r0                        | c74e mova 0x000000000c09f9e8,r0
0c09f8ae 4011 cmp/pz r0                           | 2fe6 mov.l r14,@-r15
0c09f8b0 8902 bt 0x000000000c09f8b8               | 2fd6 mov.l r13,@-r15
0c09f8b2 d349 mov.l 0x000000000c09f9d8,r3         | 6e43 mov r4,r14
0c09f8b4 430b jsr @r3                             | 4f22 sts.l pr,@-r15
0c09f8b6 64e3 mov r14,r4                          | f408 fmov @r0,fr4
0c09f8b8 9081 mov.w 0x000000000c09f9be,r0         | 908f mov.w 0x000000000c09f9da,r0
0c09f8bc c801 tst #1,r0                           | 8801 cmp/eq #1,r0
0c09f8be 8b11 bf 0x000000000c09f8e4               | 8f06 bf.s 0x000000000c09f8ce
0c09f8c0 907d mov.w 0x000000000c09f9be,r0         | ed00 mov #0,r13
0c09f8c2 03ec mov.b @(r0,r14),r3                  | 908a mov.w 0x000000000c09f9da,r0
0c09f8c4 2338 tst r3,r3                           | 0ed4 mov.b r13,@(r0,r14)
0c09f8c6 890d bt 0x000000000c09f8e4               | e068 mov #104,r0
0c09f8c8 907a mov.w 0x000000000c09f9c0,r0         | f3e6 fmov @(r0,r14),fr3
0c09f8ca 04ee mov.l @(r0,r14),r4                  | f342 fmul fr4,fr3
0c09f8cc 9079 mov.w 0x000000000c09f9c2,r0         | fe37 fmov fr3,@(r0,r14)
0c09f8ce 034c mov.b @(r0,r4),r3                   | 9084 mov.w 0x000000000c09f9da,r0
0c09f8d0 2338 tst r3,r3                           | 00ec mov.b @(r0,r14),r0
0c09f8d2 8b07 bf 0x000000000c09f8e4               | 8802 cmp/eq #2,r0
0c09f8d4 84e7 mov.b @(7,r14),r0                   | 8b05 bf 0x000000000c09f8e2
0c09f8d6 e302 mov #2,r3                           | 9080 mov.w 0x000000000c09f9da,r0
0c09f8d8 7001 add #1,r0                           | 0ed4 mov.b r13,@(r0,r14)
0c09f8da 80e7 mov.b r0,@(7,r14)                   | e068 mov #104,r0
0c09f8dc 9072 mov.w 0x000000000c09f9c4,r0         | f3e6 fmov @(r0,r14),fr3
0c09f8de 0e34 mov.b r3,@(r0,r14)                  | f342 fmul fr4,fr3
0c09f8e0 e00a mov #10,r0                          | fe37 fmov fr3,@(r0,r14)
0c09f8e2 81ee mov.w r0,@(28,r14)                  | e068 mov #104,r0
0c09f8e4 4f26 lds.l @r15+,pr                      | f3e6 fmov @(r0,r14),fr3
0c09f8e6 000b rts                                 | e05c mov #92,r0
0c09f8e8 6ef6 mov.l @r15+,r14                     | f2e6 fmov @(r0,r14),fr2
0c09f8ea c73c mova 0x000000000c09f9dc,r0          | f232 fmul fr3,fr2
0c09f8ec 2fe6 mov.l r14,@-r15                     | f38d fldi0 fr3
0c09f8ee 2fd6 mov.l r13,@-r15                     | f235 fcmp/gt fr3,fr2
0c09f8f0 6e43 mov r4,r14                          | 8f08 bf.s 0x000000000c09f904
0c09f8f2 4f22 sts.l pr,@-r15                      | e402 mov #2,r4
0c09f8f4 f408 fmov @r0,fr4                        | f43c fmov fr3,fr4
0c09f8f6 9066 mov.w 0x000000000c09f9c6,r0         | fe47 fmov fr4,@(r0,r14)
0c09f8f8 00ec mov.b @(r0,r14),r0                  | e060 mov #96,r0
0c09f8fa 8801 cmp/eq #1,r0                        | fe47 fmov fr4,@(r0,r14)
0c09f8fc 8f06 bf.s 0x000000000c09f90c             | e068 mov #104,r0
0c09f8fe ed00 mov #0,r13                          | fe47 fmov fr4,@(r0,r14)
0c09f900 9061 mov.w 0x000000000c09f9c6,r0         | e06c mov #108,r0
0c09f902 0ed4 mov.b r13,@(r0,r14)                 | fe47 fmov fr4,@(r0,r14)
0c09f904 e068 mov #104,r0                         | 906a mov.w 0x000000000c09f9dc,r0
0c09f906 f3e6 fmov @(r0,r14),fr3                  | 0e44 mov.b r4,@(r0,r14)
0c09f908 f342 fmul fr4,fr3                        | 85ee mov.w @(28,r14),r0
0c09f90a fe37 fmov fr3,@(r0,r14)                  | 70ff add #-1,r0
0c09f90c 905b mov.w 0x000000000c09f9c6,r0         | 81ee mov.w r0,@(28,r14)
0c09f90e 00ec mov.b @(r0,r14),r0                  | 7001 add #1,r0
0c09f910 8802 cmp/eq #2,r0                        | 600f exts.w r0,r0
0c09f912 8b05 bf 0x000000000c09f920               | 4015 cmp/pl r0
0c09f914 9057 mov.w 0x000000000c09f9c6,r0         | 8924 bt 0x000000000c09f960
0c09f916 0ed4 mov.b r13,@(r0,r14)                 | 9062 mov.w 0x000000000c09f9de,r0
0c09f918 e068 mov #104,r0                         | 9362 mov.w 0x000000000c09f9e0,r3
0c09f91a f3e6 fmov @(r0,r14),fr3                  | 02ed mov.w @(r0,r14),r2
0c09f91c f342 fmul fr4,fr3                        | 622d extu.w r2,r2
0c09f91e fe37 fmov fr3,@(r0,r14)                  | 2238 tst r3,r2
0c09f920 e068 mov #104,r0                         | 891e bt 0x000000000c09f960
0c09f922 f3e6 fmov @(r0,r14),fr3                  | 84e7 mov.b @(7,r14),r0
0c09f924 e05c mov #92,r0                          | d331 mov.l 0x000000000c09f9ec,r3
0c09f926 f2e6 fmov @(r0,r14),fr2                  | 7001 add #1,r0
0c09f928 f232 fmul fr3,fr2                        | 80e7 mov.b r0,@(7,r14)
0c09f92a f38d fldi0 fr3                           | 9057 mov.w 0x000000000c09f9dc,r0
0c09f92c f235 fcmp/gt fr3,fr2                     | 0e44 mov.b r4,@(r0,r14)
0c09f92e 8f08 bf.s 0x000000000c09f942             | 430b jsr @r3
0c09f930 e402 mov #2,r4                           | 64e3 mov r14,r4
0c09f932 f43c fmov fr3,fr4                        | 9056 mov.w 0x000000000c09f9e2,r0
0c09f934 fe47 fmov fr4,@(r0,r14)                  | e216 mov #22,r2
0c09f936 e060 mov #96,r0                          | d32e mov.l 0x000000000c09f9f0,r3
0c09f938 fe47 fmov fr4,@(r0,r14)                  | e514 mov #20,r5
0c09f93a e068 mov #104,r0                         | 0e24 mov.b r2,@(r0,r14)
0c09f93c fe47 fmov fr4,@(r0,r14)                  | 700b add #11,r0
0c09f93e e06c mov #108,r0                         | 0ed5 mov.w r13,@(r0,r14)
0c09f940 fe47 fmov fr4,@(r0,r14)                  | 70f2 add #-14,r0
0c09f942 903f mov.w 0x000000000c09f9c4,r0         | 0ed4 mov.b r13,@(r0,r14)
0c09f944 0e44 mov.b r4,@(r0,r14)                  | 7026 add #38,r0
0c09f946 85ee mov.w @(28,r14),r0                  | 0ed6 mov.l r13,@(r0,r14)
0c09f948 70ff add #-1,r0                          | e604 mov #4,r6
0c09f94a 81ee mov.w r0,@(28,r14)                  | 84e2 mov.b @(2,r14),r0
0c09f94c 7001 add #1,r0                           | 6232 mov.l @r3,r2
0c09f94e 600f exts.w r0,r0                        | 600c extu.b r0,r0
0c09f950 4015 cmp/pl r0                           | 4000 shll r0
0c09f952 8924 bt 0x000000000c09f99e               | 727c add #124,r2
0c09f954 9038 mov.w 0x000000000c09f9c8,r0         | 012d mov.w @(r0,r2),r1
0c09f956 9338 mov.w 0x000000000c09f9ca,r3         | 7101 add #1,r1
0c09f958 02ed mov.w @(r0,r14),r2                  | 0215 mov.w r1,@(r0,r2)
0c09f95a 622d extu.w r2,r2                        | d226 mov.l 0x000000000c09f9f4,r2
0c09f95c 2238 tst r3,r2                           | 420b jsr @r2
0c09f95e 891e bt 0x000000000c09f99e               | 64e3 mov r14,r4
0c09f960 84e7 mov.b @(7,r14),r0                   | d325 mov.l 0x000000000c09f9f8,r3
0c09f962 d21f mov.l 0x000000000c09f9e0,r2         | 430b jsr @r3
0c09f964 7001 add #1,r0                           | 64e3 mov r14,r4
0c09f966 80e7 mov.b r0,@(7,r14)                   | 600e exts.b r0,r0
0c09f968 902c mov.w 0x000000000c09f9c4,r0         | 4011 cmp/pz r0
0c09f96a 0e44 mov.b r4,@(r0,r14)                  | 8905 bt 0x000000000c09f978
0c09f96c 420b jsr @r2                             | 4f26 lds.l @r15+,pr
0c09f96e 64e3 mov r14,r4                          | d323 mov.l 0x000000000c09f9fc,r3
0c09f970 902c mov.w 0x000000000c09f9cc,r0         | 64e3 mov r14,r4
0c09f972 e316 mov #22,r3                          | 6df6 mov.l @r15+,r13
0c09f974 e514 mov #20,r5                          | 432b jmp @r3
0c09f976 0e34 mov.b r3,@(r0,r14)                  | 6ef6 mov.l @r15+,r14
0c09f978 700b add #11,r0                          | 4f26 lds.l @r15+,pr
0c09f97a 0ed5 mov.w r13,@(r0,r14)                 | 6df6 mov.l @r15+,r13
0c09f97c 70f2 add #-14,r0                         | 000b rts
0c09f97e 0ed4 mov.b r13,@(r0,r14)                 | 6ef6 mov.l @r15+,r14
0c09f980 7026 add #38,r0                          | 902b mov.w 0x000000000c09f9da,r0
0c09f982 d318 mov.l 0x000000000c09f9e4,r3         | 2fe6 mov.l r14,@-r15
0c09f984 e604 mov #4,r6                           | 6e43 mov r4,r14
0c09f986 0ed6 mov.l r13,@(r0,r14)                 | 4f22 sts.l pr,@-r15
0c09f988 84e2 mov.b @(2,r14),r0                   | 00ec mov.b @(r0,r14),r0
0c09f98a 6232 mov.l @r3,r2                        | 8801 cmp/eq #1,r0
0c09f98c 600c extu.b r0,r0                        | 8f08 bf.s 0x000000000c09f9a0
0c09f98e 4000 shll r0                             | f48d fldi0 fr4
0c09f990 727c add #124,r2                         | e05c mov #92,r0
0c09f992 012d mov.w @(r0,r2),r1                   | fe47 fmov fr4,@(r0,r14)
0c09f994 7101 add #1,r1                           | e060 mov #96,r0
0c09f996 0215 mov.w r1,@(r0,r2)                   | fe47 fmov fr4,@(r0,r14)
0c09f998 d213 mov.l 0x000000000c09f9e8,r2         | e068 mov #104,r0
0c09f99a 420b jsr @r2                             | fe47 fmov fr4,@(r0,r14)
0c09f99c 64e3 mov r14,r4                          | e06c mov #108,r0
0c09f99e d30d mov.l 0x000000000c09f9d4,r3         | fe47 fmov fr4,@(r0,r14)
0c09f9a0 430b jsr @r3                             | e068 mov #104,r0
0c09f9a2 64e3 mov r14,r4                          | f3e6 fmov @(r0,r14),fr3
0c09f9a4 600e exts.b r0,r0                        | e05c mov #92,r0
0c09f9a6 4011 cmp/pz r0                           | f2e6 fmov @(r0,r14),fr2
0c09f9a8 8905 bt 0x000000000c09f9b6               | f232 fmul fr3,fr2
0c09f9aa 4f26 lds.l @r15+,pr                      | f38d fldi0 fr3
0c09f9ac d30a mov.l 0x000000000c09f9d8,r3         | f235 fcmp/gt fr3,fr2
0c09f9ae 64e3 mov r14,r4                          | 8b06 bf 0x000000000c09f9be
0c09f9b0 6df6 mov.l @r15+,r13                     | fe47 fmov fr4,@(r0,r14)
0c09f9b2 432b jmp @r3                             | e060 mov #96,r0
0c09f9b4 6ef6 mov.l @r15+,r14                     | fe47 fmov fr4,@(r0,r14)
0c09f9b6 4f26 lds.l @r15+,pr                      | e068 mov #104,r0
0c09f9b8 6df6 mov.l @r15+,r13                     | fe47 fmov fr4,@(r0,r14)
0c09f9ba 000b rts                                 | e06c mov #108,r0
0c09f9bc 6ef6 mov.l @r15+,r14                     | fe47 fmov fr4,@(r0,r14)
0c09f9be 019e mov.l @(r0,r9),r1                   | 900c mov.w 0x000000000c09f9da,r0
0c09f9c0 01b0 error                               | 00ec mov.b @(r0,r14),r0
0c09f9c2 0411 error                               | 8802 cmp/eq #2,r0
0c09f9c4 01f5 mov.w r15,@(r0,r1)                  | 8b2d bf 0x000000000c09fa22
0c09f9c6 0141 error                               | 9008 mov.w 0x000000000c09f9da,r0
0c09f9c8 0348 error                               | e200 mov #0,r2
0c09f9ca 0100 error                               | 0e24 mov.b r2,@(r0,r14)
0c09f9cc 01a1 error                               | 900a mov.w 0x000000000c09f9e4,r0
0c09f9ce 0000 error                               | 03ec mov.b @(r0,r14),r3
0c09f9d0 38c4 div1 r12,r8                         | 2338 tst r3,r3
0c09f9d2 0c24 mov.b r2,@(r0,r12)                  | 8917 bt 0x000000000c09fa04
0c09f9d4 a026 bra 0x000000000c09fa24              | c70a mova 0x000000000c09fa00,r0
0c09f9d6 0c02 stc sr,r12                          | a017 bra 0x000000000c09fa08
0c09f9d8 37b8 sub r11,r7                          | f308 fmov @r0,fr3
0c09f9da 0c04 mov.b r0,@(r0,r12)                  | 0141 error
0c09f9dc 0000 error                               | 01f5 mov.w r15,@(r0,r1)
0c09f9de 4080 error                               | 0348 error
0c09f9e0 42fa ldc r2,dbr                          | 0100 error
0c09f9e2 0c04 mov.b r0,@(r0,r12)                  | 01a1 error
0c09f9e4 83f8 error                               | 01d2 stc r5_bank,r1
0c09f9e6 0c2f mac.l @r2+,@r12+                    | 0000 error
0c09f9e8 a0c4 bra 0x000000000c09fb74              | 0000 error
0c09f9ea 0c02 stc sr,r12                          | 4080 error
0c09f9ec 9083 mov.w 0x000000000c09faf6,r0         | 42fa ldc r2,dbr
0c09f9ee 2fe6 mov.l r14,@-r15                     | 0c04 mov.b r0,@(r0,r12)
0c09f9f0 6e43 mov r4,r14                          | 83f8 error
0c09f9f2 4f22 sts.l pr,@-r15                      | 0c2f mac.l @r2+,@r12+
0c09f9f4 00ec mov.b @(r0,r14),r0                  | a0c4 bra 0x000000000c09fb80
0c09f9f6 8801 cmp/eq #1,r0                        | 0c02 stc sr,r12
0c09f9f8 8f08 bf.s 0x000000000c09fa0c             | a026 bra 0x000000000c09fa48
0c09f9fa f48d fldi0 fr4                           | 0c02 stc sr,r12
0c09f9fc e05c mov #92,r0                          | 37b8 sub r11,r7
0c09f9fe fe47 fmov fr4,@(r0,r14)                  | 0c04 mov.b r0,@(r0,r12)
0c09fa00 e060 mov #96,r0                          | 5555 mov.l @(20,r5),r5
0c09fa02 fe47 fmov fr4,@(r0,r14)                  | 417d shld r7,r1
0c09fa04 e068 mov #104,r0                         | c743 mova 0x000000000c09fb14,r0
0c09fa06 fe47 fmov fr4,@(r0,r14)                  | f308 fmov @r0,fr3
0c09fa08 e06c mov #108,r0                         | e05c mov #92,r0
0c09fa0a fe47 fmov fr4,@(r0,r14)                  | fe37 fmov fr3,@(r0,r14)
0c09fa0c e068 mov #104,r0                         | 907f mov.w 0x000000000c09fb0e,r0
0c09fa0e f3e6 fmov @(r0,r14),fr3                  | 03ec mov.b @(r0,r14),r3
0c09fa10 e05c mov #92,r0                          | 2338 tst r3,r3
0c09fa12 f2e6 fmov @(r0,r14),fr2                  | 8902 bt 0x000000000c09fa1a
0c09fa14 f232 fmul fr3,fr2                        | c740 mova 0x000000000c09fb18,r0
0c09fa16 f38d fldi0 fr3                           | a002 bra 0x000000000c09fa1e
0c09fa18 f235 fcmp/gt fr3,fr2                     | f308 fmov @r0,fr3
0c09fa1a 8b06 bf 0x000000000c09fa2a               | c740 mova 0x000000000c09fb1c,r0
0c09fa1c fe47 fmov fr4,@(r0,r14)                  | f308 fmov @r0,fr3
0c09fa1e e060 mov #96,r0                          | e068 mov #104,r0
0c09fa20 fe47 fmov fr4,@(r0,r14)                  | fe37 fmov fr3,@(r0,r14)
0c09fa22 e068 mov #104,r0                         | d33f mov.l 0x000000000c09fb20,r3
0c09fa24 fe47 fmov fr4,@(r0,r14)                  | 430b jsr @r3
0c09fa26 e06c mov #108,r0                         | 64e3 mov r14,r4
0c09fa28 fe47 fmov fr4,@(r0,r14)                  | 600e exts.b r0,r0
0c09fa2a 9064 mov.w 0x000000000c09faf6,r0         | 4011 cmp/pz r0
0c09fa2c 00ec mov.b @(r0,r14),r0                  | 8904 bt 0x000000000c09fa38
0c09fa2e 8802 cmp/eq #2,r0                        | 4f26 lds.l @r15+,pr
0c09fa30 8b18 bf 0x000000000c09fa64               | d33c mov.l 0x000000000c09fb24,r3
0c09fa32 9060 mov.w 0x000000000c09faf6,r0         | 64e3 mov r14,r4
0c09fa34 e200 mov #0,r2                           | 432b jmp @r3
0c09fa36 0e24 mov.b r2,@(r0,r14)                  | 6ef6 mov.l @r15+,r14
0c09fa38 905e mov.w 0x000000000c09faf8,r0         | 4f26 lds.l @r15+,pr
0c09fa3a 03ec mov.b @(r0,r14),r3                  | 000b rts
0c09fa3c 2338 tst r3,r3                           | 6ef6 mov.l @r15+,r14
0c09fa3e 8902 bt 0x000000000c09fa46               | 9067 mov.w 0x000000000c09fb10,r0
0c09fa40 c72e mova 0x000000000c09fafc,r0          | 2fe6 mov.l r14,@-r15
0c09fa42 a002 bra 0x000000000c09fa4a              | 6e43 mov r4,r14
0c09fa44 f308 fmov @r0,fr3                        | 4f22 sts.l pr,@-r15
0c09fa46 c72e mova 0x000000000c09fb00,r0          | 03ec mov.b @(r0,r14),r3
0c09fa48 f308 fmov @r0,fr3                        | 2338 tst r3,r3
0c09fa4a e05c mov #92,r0                          | 891a bt 0x000000000c09fa82
0c09fa4c fe37 fmov fr3,@(r0,r14)                  | c736 mova 0x000000000c09fb28,r0
0c09fa4e 9053 mov.w 0x000000000c09faf8,r0         | f408 fmov @r0,fr4
0c09fa50 03ec mov.b @(r0,r14),r3                  | 905d mov.w 0x000000000c09fb0e,r0
0c09fa52 2338 tst r3,r3                           | 03ec mov.b @(r0,r14),r3
0c09fa54 8902 bt 0x000000000c09fa5c               | 2338 tst r3,r3
0c09fa56 c72b mova 0x000000000c09fb04,r0          | 8909 bt 0x000000000c09fa6c
0c09fa58 a002 bra 0x000000000c09fa60              | 935a mov.w 0x000000000c09fb10,r3
0c09fa5a f308 fmov @r0,fr3                        | e034 mov #52,r0
0c09fa5c c72a mova 0x000000000c09fb08,r0          | f2e6 fmov @(r0,r14),fr2
0c09fa5e f308 fmov @r0,fr3                        | 33ec add r14,r3
0c09fa60 e068 mov #104,r0                         | f04c fmov fr4,fr0
0c09fa62 fe37 fmov fr3,@(r0,r14)                  | 6330 mov.b @r3,r3
0c09fa64 d329 mov.l 0x000000000c09fb0c,r3         | 435a lds r3,fpul
0c09fa66 430b jsr @r3                             | f32d float fpul,fr3
0c09fa68 64e3 mov r14,r4                          | a00a bra 0x000000000c09fa80
0c09fa6a 600e exts.b r0,r0                        | f23e fmac fr0,fr3,fr2
0c09fa6c 4011 cmp/pz r0                           | 9350 mov.w 0x000000000c09fb10,r3
0c09fa6e 8904 bt 0x000000000c09fa7a               | e034 mov #52,r0
0c09fa70 4f26 lds.l @r15+,pr                      | f2e6 fmov @(r0,r14),fr2
0c09fa72 d327 mov.l 0x000000000c09fb10,r3         | 33ec add r14,r3
0c09fa74 64e3 mov r14,r4                          | 6330 mov.b @r3,r3
0c09fa76 432b jmp @r3                             | 435a lds r3,fpul
0c09fa78 6ef6 mov.l @r15+,r14                     | f32d float fpul,fr3
0c09fa7a 4f26 lds.l @r15+,pr                      | f342 fmul fr4,fr3
0c09fa7c 000b rts                                 | f34d fneg fr3
0c09fa7e 6ef6 mov.l @r15+,r14                     | f230 fadd fr3,fr2
0c09fa80 9039 mov.w 0x000000000c09faf6,r0         | fe27 fmov fr2,@(r0,r14)
0c09fa82 2fe6 mov.l r14,@-r15                     | d327 mov.l 0x000000000c09fb20,r3
0c09fa84 6e43 mov r4,r14                          | 430b jsr @r3
0c09fa86 4f22 sts.l pr,@-r15                      | 64e3 mov r14,r4
0c09fa88 03ec mov.b @(r0,r14),r3                  | 600e exts.b r0,r0
0c09fa8a 2338 tst r3,r3                           | 4011 cmp/pz r0
0c09fa8c 891c bt 0x000000000c09fac8               | 8904 bt 0x000000000c09fa98
0c09fa8e 9033 mov.w 0x000000000c09faf8,r0         | 4f26 lds.l @r15+,pr
0c09fa90 e234 mov #52,r2                          | d324 mov.l 0x000000000c09fb24,r3
0c09fa92 03ec mov.b @(r0,r14),r3                  | 64e3 mov r14,r4
0c09fa94 2338 tst r3,r3                           | 432b jmp @r3
0c09fa96 8d0a bt.s 0x000000000c09faae             | 6ef6 mov.l @r15+,r14
0c09fa98 32ec add r14,r2                          | 4f26 lds.l @r15+,pr
0c09fa9a 932c mov.w 0x000000000c09faf6,r3         | 000b rts
0c09fa9c d11d mov.l 0x000000000c09fb14,r1         | 6ef6 mov.l @r15+,r14
0c09fa9e 33ec add r14,r3                          | 6343 mov r4,r3
0c09faa0 6330 mov.b @r3,r3                        | d122 mov.l 0x000000000c09fb2c,r1
0c09faa2 435a lds r3,fpul                         | 2f46 mov.l r4,@-r15
0c09faa4 f32d float fpul,fr3                      | 8437 mov.b @(7,r3),r0
0c09faa6 415a lds r1,fpul                         | 600c extu.b r0,r0
0c09faa8 f20d fsts fpul,fr2                       | 4008 shll2 r0
0c09faaa a00a bra 0x000000000c09fac2              | 031e mov.l @(r0,r1),r3
0c09faac f322 fmul fr2,fr3                        | 432b jmp @r3
0c09faae 9322 mov.w 0x000000000c09faf6,r3         | 7f04 add #4,r15
0c09fab0 d118 mov.l 0x000000000c09fb14,r1         | 902f mov.w 0x000000000c09fb12,r0
0c09fab2 33ec add r14,r3                          | 2fe6 mov.l r14,@-r15
0c09fab4 6330 mov.b @r3,r3                        | 6e43 mov r4,r14
0c09fab6 435a lds r3,fpul                         | 4f22 sts.l pr,@-r15
0c09fab8 f32d float fpul,fr3                      | 03ec mov.b @(r0,r14),r3
0c09faba 415a lds r1,fpul                         | 2338 tst r3,r3
0c09fabc f20d fsts fpul,fr2                       | 8908 bt 0x000000000c09fad0
0c09fabe f322 fmul fr2,fr3                        | 84e7 mov.b @(7,r14),r0
0c09fac0 f34d fneg fr3                            | e700 mov #0,r7
0c09fac2 f228 fmov @r2,fr2                        | d31b mov.l 0x000000000c09fb30,r3
0c09fac4 f230 fadd fr3,fr2                        | e503 mov #3,r5
0c09fac6 f22a fmov fr2,@r2                        | 7001 add #1,r0
0c09fac8 d310 mov.l 0x000000000c09fb0c,r3         | 6673 mov r7,r6
0c09faca 430b jsr @r3                             | 80e7 mov.b r0,@(7,r14)
0c09facc 64e3 mov r14,r4                          | 430b jsr @r3
0c09face 600e exts.b r0,r0                        | 64e3 mov r14,r4
0c09fad0 4011 cmp/pz r0                           | d213 mov.l 0x000000000c09fb20,r2
0c09fad2 8904 bt 0x000000000c09fade               | 420b jsr @r2
0c09fad4 4f26 lds.l @r15+,pr                      | 64e3 mov r14,r4
0c09fad6 d30e mov.l 0x000000000c09fb10,r3         | 600e exts.b r0,r0
0c09fad8 64e3 mov r14,r4                          | 4011 cmp/pz r0
0c09fada 432b jmp @r3                             | 8904 bt 0x000000000c09fae6
0c09fadc 6ef6 mov.l @r15+,r14                     | 4f26 lds.l @r15+,pr
0c09fade 4f26 lds.l @r15+,pr                      | d211 mov.l 0x000000000c09fb24,r2
0c09fae0 000b rts                                 | 64e3 mov r14,r4
0c09fae2 6ef6 mov.l @r15+,r14                     | 422b jmp @r2
0c09fae4 6343 mov r4,r3                           | 6ef6 mov.l @r15+,r14
0c09fae6 d10c mov.l 0x000000000c09fb18,r1         | 4f26 lds.l @r15+,pr
0c09fae8 2f46 mov.l r4,@-r15                      | 000b rts
0c09faea 8437 mov.b @(7,r3),r0                    | 6ef6 mov.l @r15+,r14
0c09faec 600c extu.b r0,r0                        | 4f22 sts.l pr,@-r15
0c09faee 4008 shll2 r0                            | 7ffc add #-4,r15
0c09faf0 031e mov.l @(r0,r1),r3                   | d30b mov.l 0x000000000c09fb20,r3
0c09faf2 432b jmp @r3                             | 430b jsr @r3
0c09faf4 7f04 add #4,r15                          | 2f42 mov.l r4,@r15
0c09faf6 0141 error                               | 600e exts.b r0,r0
0c09faf8 01d2 stc r5_bank,r1                      | 4011 cmp/pz r0
0c09fafa 0000 error                               | 8904 bt 0x000000000c09fb06
0c09fafc 5555 mov.l @(20,r5),r5                   | 64f2 mov.l @r15,r4
0c09fafe 417d shld r7,r1                          | 7f04 add #4,r15
0c09fb00 5555 mov.l @(20,r5),r5                   | d308 mov.l 0x000000000c09fb24,r3
0c09fb02 c17d mov.w r0,@(250,gbr)                 | 432b jmp @r3
0c09fb04 0000 error                               | 4f26 lds.l @r15+,pr
0c09fb06 bf20 bsr 0x000000000c09f94a              | 7f04 add #4,r15
0c09fb08 0000 error                               | 4f26 lds.l @r15+,pr
0c09fb0a 3f20 cmp/eq r2,r15                       | 000b rts
0c09fb0c a026 bra 0x000000000c09fb5c              | 0009 nop
0c09fb0e 0c02 stc sr,r12                          | 01d2 stc r5_bank,r1
0c09fb10 37b8 sub r11,r7                          | 0141 error
0c09fb12 0c04 mov.b r0,@(r0,r12)                  | 019e mov.l @(r0,r9),r1
0c09fb16 3fd5 dmulu.l r13,r15                     | c17d mov.w r0,@(250,gbr)
0c09fb18 38d0 cmp/eq r13,r8                       | 0000 error
0c09fb1a 0c24 mov.b r2,@(r0,r12)                  | bf20 bsr 0x000000000c09f95e
0c09fb1c 9054 mov.w 0x000000000c09fbc8,r0         | 0000 error
0c09fb1e 2fe6 mov.l r14,@-r15                     | 3f20 cmp/eq r2,r15
0c09fb20 6e43 mov r4,r14                          | a026 bra 0x000000000c09fb70
0c09fb22 4f22 sts.l pr,@-r15                      | 0c02 stc sr,r12
0c09fb24 03ec mov.b @(r0,r14),r3                  | 37b8 sub r11,r7
0c09fb26 2338 tst r3,r3                           | 0c04 mov.b r0,@(r0,r12)
0c09fb28 8908 bt 0x000000000c09fb3c               | 5555 mov.l @(20,r5),r5
0c09fb2a 84e7 mov.b @(7,r14),r0                   | 3fd5 dmulu.l r13,r15
0c09fb2c e700 mov #0,r7                           | 38d0 cmp/eq r13,r8
0c09fb2e d329 mov.l 0x000000000c09fbd4,r3         | 0c24 mov.b r2,@(r0,r12)
0c09fb30 e503 mov #3,r5                           | a9fe bra 0x000000000c09ef30
0c09fb32 7001 add #1,r0                           | 0c14 mov.b r1,@(r0,r12)
0c09fb34 6673 mov r7,r6                           | 9095 mov.w 0x000000000c09fc62,r0
0c09fb36 80e7 mov.b r0,@(7,r14)                   | 2fe6 mov.l r14,@-r15
0c09fb38 430b jsr @r3                             | 6e43 mov r4,r14
0c09fb3a 64e3 mov r14,r4                          | 2fd6 mov.l r13,@-r15
0c09fb3c d226 mov.l 0x000000000c09fbd8,r2         | d14d mov.l 0x000000000c09fc74,r1
0c09fb3e 420b jsr @r2                             | 4f22 sts.l pr,@-r15
0c09fb40 64e3 mov r14,r4                          | 0dee mov.l @(r0,r14),r13
0c09fb42 600e exts.b r0,r0                        | 84e7 mov.b @(7,r14),r0
0c09fb44 4011 cmp/pz r0                           | 600c extu.b r0,r0
0c09fb46 8904 bt 0x000000000c09fb52               | 4008 shll2 r0
0c09fb48 4f26 lds.l @r15+,pr                      | 031e mov.l @(r0,r1),r3
0c09fb4a d224 mov.l 0x000000000c09fbdc,r2         | 430b jsr @r3
0c09fb4c 64e3 mov r14,r4                          | 0009 nop
0c09fb4e 422b jmp @r2                             | 9089 mov.w 0x000000000c09fc64,r0
0c09fb50 6ef6 mov.l @r15+,r14                     | 00dc mov.b @(r0,r13),r0
0c09fb52 4f26 lds.l @r15+,pr                      | 600c extu.b r0,r0
0c09fb54 000b rts                                 | 880a cmp/eq #10,r0
0c09fb56 6ef6 mov.l @r15+,r14                     | 8b06 bf 0x000000000c09fb66
0c09fb58 4f22 sts.l pr,@-r15                      | 9085 mov.w 0x000000000c09fc66,r0
0c09fb5a 7ffc add #-4,r15                         | 02de mov.l @(r0,r13),r2
0c09fb5c d31e mov.l 0x000000000c09fbd8,r3         | 32e0 cmp/eq r14,r2
0c09fb5e 430b jsr @r3                             | 8b02 bf 0x000000000c09fb66
0c09fb60 2f42 mov.l r4,@r15                       | 9082 mov.w 0x000000000c09fc68,r0
0c09fb62 600e exts.b r0,r0                        | e100 mov #0,r1
0c09fb64 4011 cmp/pz r0                           | 0d14 mov.b r1,@(r0,r13)
0c09fb66 8904 bt 0x000000000c09fb72               | 4f26 lds.l @r15+,pr
0c09fb68 64f2 mov.l @r15,r4                       | 6df6 mov.l @r15+,r13
0c09fb6a 7f04 add #4,r15                          | 000b rts
0c09fb6c d31b mov.l 0x000000000c09fbdc,r3         | 6ef6 mov.l @r15+,r14
0c09fb6e 432b jmp @r3                             | 8447 mov.b @(7,r4),r0
0c09fb70 4f26 lds.l @r15+,pr                      | 7001 add #1,r0
0c09fb72 7f04 add #4,r15                          | 8047 mov.b r0,@(7,r4)
0c09fb74 4f26 lds.l @r15+,pr                      | 9079 mov.w 0x000000000c09fc6a,r0
0c09fb76 000b rts                                 | 034c mov.b @(r0,r4),r3
0c09fb78 0009 nop                                 | 2338 tst r3,r3
0c09fb7a 9026 mov.w 0x000000000c09fbca,r0         | 8902 bt 0x000000000c09fb82
0c09fb7c 2fe6 mov.l r14,@-r15                     | c73e mova 0x000000000c09fc78,r0
0c09fb7e 6e43 mov r4,r14                          | a002 bra 0x000000000c09fb86
0c09fb80 2fd6 mov.l r13,@-r15                     | f308 fmov @r0,fr3
0c09fb82 d117 mov.l 0x000000000c09fbe0,r1         | c73e mova 0x000000000c09fc7c,r0
0c09fb84 4f22 sts.l pr,@-r15                      | f308 fmov @r0,fr3
0c09fb86 0dee mov.l @(r0,r14),r13                 | e05c mov #92,r0
0c09fb88 84e7 mov.b @(7,r14),r0                   | f437 fmov fr3,@(r0,r4)
0c09fb8a 600c extu.b r0,r0                        | e068 mov #104,r0
0c09fb8c 4008 shll2 r0                            | f38d fldi0 fr3
0c09fb8e 031e mov.l @(r0,r1),r3                   | e302 mov #2,r3
0c09fb90 430b jsr @r3                             | f437 fmov fr3,@(r0,r4)
0c09fb92 0009 nop                                 | c73b mova 0x000000000c09fc80,r0
0c09fb94 901a mov.w 0x000000000c09fbcc,r0         | f308 fmov @r0,fr3
0c09fb96 00dc mov.b @(r0,r13),r0                  | e060 mov #96,r0
0c09fb98 600c extu.b r0,r0                        | f437 fmov fr3,@(r0,r4)
0c09fb9a 880a cmp/eq #10,r0                       | c73a mova 0x000000000c09fc84,r0
0c09fb9c 8b06 bf 0x000000000c09fbac               | f308 fmov @r0,fr3
0c09fb9e 9016 mov.w 0x000000000c09fbce,r0         | e06c mov #108,r0
0c09fba0 02de mov.l @(r0,r13),r2                  | f437 fmov fr3,@(r0,r4)
0c09fba2 32e0 cmp/eq r14,r2                       | 9063 mov.w 0x000000000c09fc6c,r0
0c09fba4 8b02 bf 0x000000000c09fbac               | 0434 mov.b r3,@(r0,r4)
0c09fba6 9013 mov.w 0x000000000c09fbd0,r0         | 2fe6 mov.l r14,@-r15
0c09fba8 e100 mov #0,r1                           | e15c mov #92,r1
0c09fbaa 0d14 mov.b r1,@(r0,r13)                  | 6e43 mov r4,r14
0c09fbac 4f26 lds.l @r15+,pr                      | 31ec add r14,r1
0c09fbae 6df6 mov.l @r15+,r13                     | e034 mov #52,r0
0c09fbb0 000b rts                                 | 4f22 sts.l pr,@-r15
0c09fbb2 6ef6 mov.l @r15+,r14                     | f2e6 fmov @(r0,r14),fr2
0c09fbb4 8447 mov.b @(7,r4),r0                    | f318 fmov @r1,fr3
0c09fbb6 7001 add #1,r0                           | e168 mov #104,r1
0c09fbb8 8047 mov.b r0,@(7,r4)                    | 31ec add r14,r1
0c09fbba 900a mov.w 0x000000000c09fbd2,r0         | f230 fadd fr3,fr2
0c09fbbc 034c mov.b @(r0,r4),r3                   | fe27 fmov fr2,@(r0,r14)
0c09fbbe 2338 tst r3,r3                           | e05c mov #92,r0
0c09fbc0 8912 bt 0x000000000c09fbe8               | f318 fmov @r1,fr3
0c09fbc2 c708 mova 0x000000000c09fbe4,r0          | e160 mov #96,r1
0c09fbc4 a012 bra 0x000000000c09fbec              | f2e6 fmov @(r0,r14),fr2
0c09fbc6 f308 fmov @r0,fr3                        | 31ec add r14,r1
0c09fbc8 019e mov.l @(r0,r9),r1                   | f230 fadd fr3,fr2
0c09fbca 020c mov.b @(r0,r0),r2                   | fe27 fmov fr2,@(r0,r14)
0c09fbcc 0233 error                               | e038 mov #56,r0
0c09fbce 01b4 mov.b r11,@(r0,r1)                  | f2e6 fmov @(r0,r14),fr2
0c09fbd0 0236 mov.l r3,@(r0,r2)                   | f318 fmov @r1,fr3
0c09fbd2 01d2 stc r5_bank,r1                      | e16c mov #108,r1
0c09fbd4 a9fe bra 0x000000000c09efd4              | 31ec add r14,r1
0c09fbd6 0c14 mov.b r1,@(r0,r12)                  | f230 fadd fr3,fr2
0c09fbd8 a026 bra 0x000000000c09fc28              | fe27 fmov fr2,@(r0,r14)
0c09fbda 0c02 stc sr,r12                          | e060 mov #96,r0
0c09fbdc 37b8 sub r11,r7                          | f2e6 fmov @(r0,r14),fr2
0c09fbde 0c04 mov.b r0,@(r0,r12)                  | f318 fmov @r1,fr3
0c09fbe0 38d8 sub r13,r8                          | f230 fadd fr3,fr2
0c09fbe2 0c24 mov.b r2,@(r0,r12)                  | fe27 fmov fr2,@(r0,r14)
0c09fbe4 5555 mov.l @(20,r5),r5                   | e038 mov #56,r0
0c09fbe6 4055 error                               | f3e6 fmov @(r0,r14),fr3
0c09fbe8 c752 mova 0x000000000c09fd34,r0          | 9041 mov.w 0x000000000c09fc6e,r0
0c09fbea f308 fmov @r0,fr3                        | f2e6 fmov @(r0,r14),fr2
0c09fbec e05c mov #92,r0                          | f235 fcmp/gt fr3,fr2
0c09fbee f437 fmov fr3,@(r0,r4)                   | 8b15 bf 0x000000000c09fc1c
0c09fbf0 e068 mov #104,r0                         | 84e7 mov.b @(7,r14),r0
0c09fbf2 f38d fldi0 fr3                           | e300 mov #0,r3
0c09fbf4 e302 mov #2,r3                           | f48d fldi0 fr4
0c09fbf6 f437 fmov fr3,@(r0,r4)                   | 7001 add #1,r0
0c09fbf8 c74f mova 0x000000000c09fd38,r0          | 80e7 mov.b r0,@(7,r14)
0c09fbfa f308 fmov @r0,fr3                        | 9037 mov.w 0x000000000c09fc6c,r0
0c09fbfc e060 mov #96,r0                          | 0e34 mov.b r3,@(r0,r14)
0c09fbfe f437 fmov fr3,@(r0,r4)                   | e05c mov #92,r0
0c09fc00 c74e mova 0x000000000c09fd3c,r0          | fe47 fmov fr4,@(r0,r14)
0c09fc02 f308 fmov @r0,fr3                        | e060 mov #96,r0
0c09fc04 e06c mov #108,r0                         | fe47 fmov fr4,@(r0,r14)
0c09fc06 f437 fmov fr3,@(r0,r4)                   | e068 mov #104,r0
0c09fc08 9090 mov.w 0x000000000c09fd2c,r0         | fe47 fmov fr4,@(r0,r14)
0c09fc0a 0434 mov.b r3,@(r0,r4)                   | e06c mov #108,r0
0c09fc0c 2fe6 mov.l r14,@-r15                     | fe47 fmov fr4,@(r0,r14)
0c09fc0e e15c mov #92,r1                          | 902e mov.w 0x000000000c09fc6e,r0
0c09fc10 6e43 mov r4,r14                          | d31d mov.l 0x000000000c09fc88,r3
0c09fc12 31ec add r14,r1                          | f3e6 fmov @(r0,r14),fr3
0c09fc14 e034 mov #52,r0                          | e038 mov #56,r0
0c09fc16 4f22 sts.l pr,@-r15                      | fe37 fmov fr3,@(r0,r14)
0c09fc18 f2e6 fmov @(r0,r14),fr2                  | 430b jsr @r3
0c09fc1a f318 fmov @r1,fr3                        | 64e3 mov r14,r4
0c09fc1c e168 mov #104,r1                         | 4f26 lds.l @r15+,pr
0c09fc1e 31ec add r14,r1                          | d21b mov.l 0x000000000c09fc8c,r2
0c09fc20 f230 fadd fr3,fr2                        | 64e3 mov r14,r4
0c09fc22 fe27 fmov fr2,@(r0,r14)                  | 422b jmp @r2
0c09fc24 e05c mov #92,r0                          | 6ef6 mov.l @r15+,r14
0c09fc26 f318 fmov @r1,fr3                        | 9023 mov.w 0x000000000c09fc70,r0
0c09fc28 e160 mov #96,r1                          | 2fe6 mov.l r14,@-r15
0c09fc2a f2e6 fmov @(r0,r14),fr2                  | 6e43 mov r4,r14
0c09fc2c 31ec add r14,r1                          | 4f22 sts.l pr,@-r15
0c09fc2e f230 fadd fr3,fr2                        | 03ec mov.b @(r0,r14),r3
0c09fc30 fe27 fmov fr2,@(r0,r14)                  | 2338 tst r3,r3
0c09fc32 e038 mov #56,r0                          | 8908 bt 0x000000000c09fc46
0c09fc34 f2e6 fmov @(r0,r14),fr2                  | 84e7 mov.b @(7,r14),r0
0c09fc36 f318 fmov @r1,fr3                        | e700 mov #0,r7
0c09fc38 e16c mov #108,r1                         | d315 mov.l 0x000000000c09fc90,r3
0c09fc3a 31ec add r14,r1                          | e505 mov #5,r5
0c09fc3c f230 fadd fr3,fr2                        | 7001 add #1,r0
0c09fc3e fe27 fmov fr2,@(r0,r14)                  | 6673 mov r7,r6
0c09fc40 e060 mov #96,r0                          | 80e7 mov.b r0,@(7,r14)
0c09fc42 f2e6 fmov @(r0,r14),fr2                  | 430b jsr @r3
0c09fc44 f318 fmov @r1,fr3                        | 64e3 mov r14,r4
0c09fc46 f230 fadd fr3,fr2                        | d211 mov.l 0x000000000c09fc8c,r2
0c09fc48 fe27 fmov fr2,@(r0,r14)                  | 420b jsr @r2
0c09fc4a 9070 mov.w 0x000000000c09fd2e,r0         | 64e3 mov r14,r4
0c09fc4c f3e6 fmov @(r0,r14),fr3                  | 600e exts.b r0,r0
0c09fc4e e038 mov #56,r0                          | 4011 cmp/pz r0
0c09fc50 f2e6 fmov @(r0,r14),fr2                  | 8904 bt 0x000000000c09fc5c
0c09fc52 f325 fcmp/gt fr2,fr3                     | 4f26 lds.l @r15+,pr
0c09fc54 8b15 bf 0x000000000c09fc82               | d20f mov.l 0x000000000c09fc94,r2
0c09fc56 84e7 mov.b @(7,r14),r0                   | 64e3 mov r14,r4
0c09fc58 e300 mov #0,r3                           | 422b jmp @r2
0c09fc5a f48d fldi0 fr4                           | 6ef6 mov.l @r15+,r14
0c09fc5c 7001 add #1,r0                           | 4f26 lds.l @r15+,pr
0c09fc5e 80e7 mov.b r0,@(7,r14)                   | 000b rts
0c09fc60 9064 mov.w 0x000000000c09fd2c,r0         | 6ef6 mov.l @r15+,r14
0c09fc62 0e34 mov.b r3,@(r0,r14)                  | 020c mov.b @(r0,r0),r2
0c09fc64 e05c mov #92,r0                          | 0233 error
0c09fc66 fe47 fmov fr4,@(r0,r14)                  | 01b4 mov.b r11,@(r0,r1)
0c09fc68 e060 mov #96,r0                          | 0236 mov.l r3,@(r0,r2)
0c09fc6a fe47 fmov fr4,@(r0,r14)                  | 01d2 stc r5_bank,r1
0c09fc6c e068 mov #104,r0                         | 01f9 error
0c09fc6e fe47 fmov fr4,@(r0,r14)                  | 041c mov.b @(r0,r1),r4
0c09fc70 e06c mov #108,r0                         | 019e mov.l @(r0,r9),r1
0c09fc72 fe47 fmov fr4,@(r0,r14)                  | 0000 error
0c09fc74 905b mov.w 0x000000000c09fd2e,r0         | 38d8 sub r13,r8
0c09fc76 d332 mov.l 0x000000000c09fd40,r3         | 0c24 mov.b r2,@(r0,r12)
0c09fc78 f3e6 fmov @(r0,r14),fr3                  | 5555 mov.l @(20,r5),r5
0c09fc7a e038 mov #56,r0                          | 4055 error
0c09fc7c fe37 fmov fr3,@(r0,r14)                  | 5555 mov.l @(20,r5),r5
0c09fc7e 430b jsr @r3                             | c055 mov.b r0,@(85,gbr)
0c09fc80 64e3 mov r14,r4                          | 2492 mov.l r9,@r4
0c09fc82 4f26 lds.l @r15+,pr                      | 4209 shlr2 r2
0c09fc84 d22f mov.l 0x000000000c09fd44,r2         | b6db bsr 0x000000000c0a0a3e
0c09fc86 64e3 mov r14,r4                          | bfcd bsr 0x000000000c09fc24
0c09fc88 422b jmp @r2                             | 3324 div1 r2,r3
0c09fc8a 6ef6 mov.l @r15+,r14                     | 0c04 mov.b r0,@(r0,r12)
0c09fc8c 9050 mov.w 0x000000000c09fd30,r0         | a026 bra 0x000000000c09fcdc
0c09fc8e 2fe6 mov.l r14,@-r15                     | 0c02 stc sr,r12
0c09fc90 6e43 mov r4,r14                          | a9fe bra 0x000000000c09f090
0c09fc92 4f22 sts.l pr,@-r15                      | 0c14 mov.b r1,@(r0,r12)
0c09fc94 03ec mov.b @(r0,r14),r3                  | 37b8 sub r11,r7
0c09fc96 2338 tst r3,r3                           | 0c04 mov.b r0,@(r0,r12)
0c09fc98 8908 bt 0x000000000c09fcac               | 4f22 sts.l pr,@-r15
0c09fc9a 84e7 mov.b @(7,r14),r0                   | 7ffc add #-4,r15
0c09fc9c e700 mov #0,r7                           | d317 mov.l 0x000000000c09fcfc,r3
0c09fc9e d32a mov.l 0x000000000c09fd48,r3         | 430b jsr @r3
0c09fca0 e505 mov #5,r5                           | 2f42 mov.l r4,@r15
0c09fca2 7001 add #1,r0                           | 600e exts.b r0,r0
0c09fca4 6673 mov r7,r6                           | 4011 cmp/pz r0
0c09fca6 80e7 mov.b r0,@(7,r14)                   | 8904 bt 0x000000000c09fcb2
0c09fca8 430b jsr @r3                             | 64f2 mov.l @r15,r4
0c09fcaa 64e3 mov r14,r4                          | 7f04 add #4,r15
0c09fcac d225 mov.l 0x000000000c09fd44,r2         | d314 mov.l 0x000000000c09fd00,r3
0c09fcae 420b jsr @r2                             | 432b jmp @r3
0c09fcb0 64e3 mov r14,r4                          | 4f26 lds.l @r15+,pr
0c09fcb2 600e exts.b r0,r0                        | 7f04 add #4,r15
0c09fcb4 4011 cmp/pz r0                           | 4f26 lds.l @r15+,pr
0c09fcb6 8904 bt 0x000000000c09fcc2               | 000b rts
0c09fcb8 4f26 lds.l @r15+,pr                      | 0009 nop
0c09fcba d224 mov.l 0x000000000c09fd4c,r2         | 6343 mov r4,r3
0c09fcbc 64e3 mov r14,r4                          | d111 mov.l 0x000000000c09fd04,r1
0c09fcbe 422b jmp @r2                             | 2f46 mov.l r4,@-r15
0c09fcc0 6ef6 mov.l @r15+,r14                     | 8437 mov.b @(7,r3),r0
0c09fcc2 4f26 lds.l @r15+,pr                      | 600c extu.b r0,r0
0c09fcc4 000b rts                                 | 4008 shll2 r0
0c09fcc6 6ef6 mov.l @r15+,r14                     | 031e mov.l @(r0,r1),r3
0c09fcc8 4f22 sts.l pr,@-r15                      | 432b jmp @r3
0c09fcca 7ffc add #-4,r15                         | 7f04 add #4,r15
0c09fccc d31d mov.l 0x000000000c09fd44,r3         | 8447 mov.b @(7,r4),r0
0c09fcce 430b jsr @r3                             | e612 mov #18,r6
0c09fcd0 2f42 mov.l r4,@r15                       | f48d fldi0 fr4
0c09fcd2 600e exts.b r0,r0                        | 7001 add #1,r0
0c09fcd4 4011 cmp/pz r0                           | d30e mov.l 0x000000000c09fd10,r3
0c09fcd6 8904 bt 0x000000000c09fce2               | 8047 mov.b r0,@(7,r4)
0c09fcd8 64f2 mov.l @r15,r4                       | e05c mov #92,r0
0c09fcda 7f04 add #4,r15                          | f447 fmov fr4,@(r0,r4)
0c09fcdc d31b mov.l 0x000000000c09fd4c,r3         | e060 mov #96,r0
0c09fcde 432b jmp @r3                             | f447 fmov fr4,@(r0,r4)
0c09fce0 4f26 lds.l @r15+,pr                      | e068 mov #104,r0
0c09fce2 7f04 add #4,r15                          | f447 fmov fr4,@(r0,r4)
0c09fce4 4f26 lds.l @r15+,pr                      | e06c mov #108,r0
0c09fce6 000b rts                                 | f447 fmov fr4,@(r0,r4)
0c09fce8 0009 nop                                 | c707 mova 0x000000000c09fd08,r0
0c09fcea 6343 mov r4,r3                           | f308 fmov @r0,fr3
0c09fcec d118 mov.l 0x000000000c09fd50,r1         | e060 mov #96,r0
0c09fcee 2f46 mov.l r4,@-r15                      | f437 fmov fr3,@(r0,r4)
0c09fcf0 8437 mov.b @(7,r3),r0                    | c706 mova 0x000000000c09fd0c,r0
0c09fcf2 600c extu.b r0,r0                        | f308 fmov @r0,fr3
0c09fcf4 4008 shll2 r0                            | e06c mov #108,r0
0c09fcf6 031e mov.l @(r0,r1),r3                   | f437 fmov fr3,@(r0,r4)
0c09fcfa 7f04 add #4,r15                          | e514 mov #20,r5
0c09fcfc 8447 mov.b @(7,r4),r0                    | a026 bra 0x000000000c09fd4c
0c09fcfe e612 mov #18,r6                          | 0c02 stc sr,r12
0c09fd00 f48d fldi0 fr4                           | 37b8 sub r11,r7
0c09fd02 7001 add #1,r0                           | 0c04 mov.b r0,@(r0,r12)
0c09fd04 d315 mov.l 0x000000000c09fd5c,r3         | 38e8 sub r14,r8
0c09fd06 8047 mov.b r0,@(7,r4)                    | 0c24 mov.b r2,@(r0,r12)
0c09fd08 e05c mov #92,r0                          | 2492 mov.l r9,@r4
0c09fd0a f447 fmov fr4,@(r0,r4)                   | 4189 error
0c09fd0c e060 mov #96,r0                          | 2492 mov.l r9,@r4
0c09fd0e f447 fmov fr4,@(r0,r4)                   | bf89 bsr 0x000000000c09fc24
0c09fd10 e068 mov #104,r0                         | a0c4 bra 0x000000000c09fe9c
0c09fd12 f447 fmov fr4,@(r0,r4)                   | 0c02 stc sr,r12
